Author,BookID,Title,GutenbergID,BlockID,BlockWords,a,all,also,an,and,any,are,as,at,be,been,but,by,can,do,down,even,every,for,from,had,has,have,her,his,if,in,into,is,it,its,may,more,must,my,no,not,now,of,on,one,only,or,our,should,so,some,such,than,that,the,their,then,there,things,this,to,up,upon,was,were,what,when,which,who,will,with,would,your
Austen,1,Sense and Sensibility,161,1,1700,37,8,1,6,56,5,1,13,7,9,7,19,16,0,2,0,1,4,24,7,22,0,6,39,51,0,29,1,1,14,1,0,5,2,0,7,8,2,69,8,4,5,4,0,0,13,0,6,3,6,61,14,2,2,0,4,55,2,0,41,4,1,3,14,5,2,12,4,0
Austen,1,Sense and Sensibility,161,2,1700,29,12,0,5,45,10,6,20,14,38,3,9,9,7,12,2,3,3,23,3,4,1,16,14,15,12,18,0,19,45,0,7,10,3,17,19,19,1,45,11,10,7,2,2,6,8,2,10,10,15,38,15,6,6,1,1,53,0,2,19,6,11,3,3,1,22,9,18,8
Austen,1,Sense and Sensibility,161,3,1700,30,8,0,1,45,5,0,16,7,17,3,14,12,3,4,0,1,7,25,4,10,3,13,32,34,3,28,3,14,26,1,3,5,6,12,8,15,3,64,5,4,2,5,2,3,4,8,5,5,22,47,10,1,2,0,6,59,1,0,30,2,4,7,11,9,8,9,8,4
Austen,1,Sense and Sensibility,161,4,1700,25,1,0,2,43,6,6,15,11,28,6,12,9,4,7,0,0,4,13,9,9,4,15,32,44,7,31,1,14,21,1,4,12,4,9,9,25,3,58,9,3,2,5,0,7,16,0,6,9,32,46,1,0,4,0,7,57,0,2,18,3,6,3,15,3,4,8,6,8
Austen,1,Sense and Sensibility,161,5,1700,40,1,0,4,45,8,2,21,10,13,3,12,9,2,1,0,0,4,18,18,11,0,5,52,16,2,36,5,1,30,5,1,5,0,2,16,8,4,62,14,2,2,4,0,2,11,1,2,9,13,81,17,1,2,0,5,64,0,1,42,13,2,4,11,3,5,12,6,1
Austen,1,Sense and Sensibility,161,6,1700,33,11,0,6,63,4,2,18,17,15,1,7,14,0,0,1,0,9,25,10,13,0,3,24,28,1,35,2,3,15,0,2,5,2,0,3,9,1,75,7,5,5,3,3,1,5,4,3,3,9,100,19,0,2,0,4,52,1,2,45,17,1,0,11,8,3,12,8,0
Austen,1,Sense and Sensibility,161,7,1700,32,5,0,8,53,6,1,16,17,23,5,14,11,6,4,0,1,10,13,6,19,2,6,28,24,5,26,1,10,21,3,3,3,5,6,5,19,2,67,11,2,6,5,0,2,8,1,4,5,14,73,6,0,4,1,5,63,1,1,40,2,2,4,10,5,1,12,10,1
Austen,1,Sense and Sensibility,161,8,1700,31,8,0,6,63,4,2,10,12,8,7,13,5,2,2,4,2,6,14,14,16,4,3,30,27,0,32,2,13,11,3,0,7,1,2,5,10,3,64,11,4,1,2,0,0,4,1,1,6,19,89,26,4,7,0,4,45,5,1,35,13,7,8,17,4,2,13,6,0
Austen,1,Sense and Sensibility,161,9,1700,31,14,0,7,58,6,4,16,11,19,10,9,12,3,1,2,0,12,9,5,17,2,13,29,27,6,29,0,14,11,3,0,5,3,5,5,15,6,63,5,5,5,4,1,2,7,1,6,5,20,42,11,2,1,0,9,48,3,1,30,11,8,8,18,1,9,15,2,4
Austen,1,Sense and Sensibility,161,10,1700,25,9,0,7,60,8,6,17,11,12,6,10,10,4,4,0,5,7,19,4,17,11,10,39,19,4,24,3,12,10,0,3,9,1,5,8,14,1,63,7,5,5,5,0,2,8,4,8,9,19,62,10,1,0,0,3,59,0,0,24,15,3,8,13,5,5,13,4,4
Austen,1,Sense and Sensibility,161,11,1700,42,8,0,4,46,6,9,13,7,15,4,16,17,1,2,3,0,5,17,9,13,2,10,46,14,2,27,2,11,32,3,3,8,4,4,7,18,2,53,12,4,6,6,1,2,10,6,9,6,17,59,4,2,3,0,10,58,2,1,17,9,3,8,9,6,5,17,10,4
Austen,1,Sense and Sensibility,161,12,1700,25,15,0,4,34,2,8,12,19,20,0,12,9,6,11,1,0,5,14,10,11,1,5,11,10,5,17,2,40,42,0,3,3,8,11,12,19,1,40,10,4,4,1,1,2,11,3,3,3,15,58,2,11,6,0,10,54,2,1,23,10,12,5,4,10,5,3,3,10
Austen,1,Sense and Sensibility,161,13,1700,29,16,0,3,50,5,3,9,12,26,9,8,11,4,4,1,1,9,16,1,15,3,17,23,16,5,33,2,15,39,2,3,11,6,4,4,22,2,49,9,8,2,6,1,9,8,3,3,8,22,69,8,1,11,0,6,45,2,0,26,5,7,6,8,2,2,15,7,4
Austen,1,Sense and Sensibility,161,14,1700,27,7,0,4,50,3,9,19,12,20,6,12,9,7,3,2,2,4,14,6,10,3,12,21,10,2,27,4,12,28,4,4,4,6,11,12,16,6,39,10,7,10,2,2,6,13,3,4,5,22,51,3,5,1,0,16,48,3,2,19,6,7,5,14,4,13,20,8,8
Austen,1,Sense and Sensibility,161,15,1700,22,13,0,6,48,7,7,16,15,22,14,19,10,9,5,1,2,8,25,12,9,14,25,25,22,9,24,2,24,28,1,9,5,7,11,11,27,3,51,7,3,0,4,1,4,2,3,9,6,23,45,7,3,2,0,13,56,1,1,10,7,6,3,5,2,7,11,6,7
Austen,1,Sense and Sensibility,161,16,1700,37,5,0,3,48,5,5,18,13,16,6,16,13,2,1,0,1,7,13,13,11,5,7,35,11,5,28,2,15,25,1,3,5,3,1,7,23,2,46,10,10,3,1,3,1,9,1,7,1,17,62,9,1,4,0,5,42,3,0,25,5,7,6,11,5,1,14,8,2
Austen,1,Sense and Sensibility,161,17,1700,32,14,0,3,39,2,13,16,9,30,4,16,9,6,7,2,0,9,12,4,5,6,19,19,5,4,28,2,19,19,2,2,9,7,19,17,23,3,43,10,3,6,13,3,9,9,4,4,7,18,31,10,1,2,1,4,50,1,0,11,4,9,3,0,1,3,12,15,16
Austen,1,Sense and Sensibility,161,18,1700,38,5,0,4,55,0,4,15,11,13,4,19,10,4,7,1,0,4,9,4,13,0,10,22,18,3,23,2,11,22,0,1,10,6,8,7,18,0,48,10,6,7,6,0,2,2,5,3,6,16,60,7,1,1,0,3,48,0,0,24,6,14,4,8,8,4,17,1,1
Austen,1,Sense and Sensibility,161,19,1700,22,8,0,4,56,8,3,28,19,25,4,12,10,1,9,1,2,7,10,10,11,3,7,41,19,5,31,0,10,22,1,3,5,7,7,7,12,2,55,13,5,1,7,1,1,10,3,2,2,15,70,6,0,3,1,11,68,4,0,29,11,3,6,9,3,9,9,6,9
Austen,1,Sense and Sensibility,161,20,1700,28,16,1,4,49,8,5,23,18,16,6,13,11,1,6,4,1,7,12,6,7,0,5,27,7,8,24,3,17,24,0,1,2,5,5,10,22,3,24,8,7,4,4,2,5,14,2,7,4,6,62,9,5,3,1,6,53,3,1,19,10,4,3,3,3,1,14,5,3
Austen,1,Sense and Sensibility,161,21,1700,21,8,0,3,40,9,5,10,8,26,2,13,7,4,10,1,1,5,16,4,1,0,10,21,12,8,21,2,35,40,0,2,6,5,12,4,19,4,35,0,5,1,4,0,7,27,4,8,5,19,26,0,4,5,2,3,50,0,5,20,6,5,6,1,1,11,19,3,9
Austen,1,Sense and Sensibility,161,22,1700,31,11,0,4,56,4,7,12,16,17,6,9,10,4,1,0,2,4,18,4,16,0,11,30,5,4,31,2,12,21,1,0,2,3,4,6,18,3,44,8,3,1,7,0,3,14,4,8,2,9,68,28,2,2,2,8,50,1,0,28,13,2,3,8,5,4,19,4,3
Austen,1,Sense and Sensibility,161,23,1700,29,4,0,5,50,6,4,21,10,18,6,17,7,5,8,0,2,4,20,5,17,0,13,26,12,4,29,1,16,20,2,4,7,2,7,6,19,4,53,4,4,2,11,0,2,11,2,2,4,13,57,9,1,8,0,10,47,0,3,26,5,7,3,8,8,1,15,2,2
Austen,1,Sense and Sensibility,161,24,1700,25,7,0,7,34,4,4,18,19,23,8,20,4,3,11,1,2,1,15,3,6,4,23,29,6,5,26,3,12,33,3,8,1,8,14,12,25,0,56,5,4,1,6,5,4,14,3,4,2,15,37,1,3,6,0,4,47,0,4,18,3,8,3,5,4,3,19,4,13
Austen,1,Sense and Sensibility,161,25,1700,33,7,0,5,34,1,0,17,19,19,10,21,11,4,3,1,3,6,21,8,21,2,13,43,25,6,25,1,8,21,1,0,6,4,6,9,23,4,42,6,2,6,1,0,3,13,3,12,4,15,51,3,3,0,0,5,45,0,1,31,3,8,9,6,0,0,13,7,3
Austen,1,Sense and Sensibility,161,26,1700,21,6,0,3,50,9,4,17,17,22,3,5,10,2,2,0,1,3,29,15,13,0,8,46,0,5,25,0,3,28,1,1,6,6,2,7,16,5,49,8,7,2,9,0,4,11,4,4,8,24,69,13,2,6,1,7,61,2,1,34,3,4,2,9,3,6,11,13,6
Austen,1,Sense and Sensibility,161,27,1700,33,8,0,10,36,6,7,8,11,28,5,14,11,6,8,0,1,9,34,6,6,5,14,12,6,9,20,3,17,28,2,2,4,3,15,7,16,2,41,10,7,3,9,4,6,6,3,7,5,31,39,1,3,4,0,7,58,2,5,13,3,4,1,6,1,6,17,19,19
Austen,1,Sense and Sensibility,161,28,1700,23,7,0,6,45,5,4,6,9,26,5,7,12,5,6,1,1,6,21,6,10,2,18,31,3,8,24,1,11,24,1,4,3,3,16,5,26,3,63,9,9,4,4,4,6,9,2,7,2,22,58,9,1,4,0,5,70,0,5,19,3,6,6,15,6,16,17,14,9
Austen,1,Sense and Sensibility,161,29,1700,37,10,0,2,57,7,1,16,13,22,6,4,8,0,0,1,1,8,10,5,13,0,5,58,3,4,42,2,4,20,1,0,5,4,2,4,18,3,56,8,3,6,7,0,5,6,2,4,6,19,73,12,3,3,1,9,63,5,2,34,8,5,6,11,2,3,21,8,1
Austen,1,Sense and Sensibility,161,30,1700,24,11,0,2,52,5,2,13,17,12,13,16,8,1,9,1,1,5,12,5,19,6,12,32,5,6,36,2,9,22,0,0,6,2,4,11,11,4,34,11,3,1,6,0,4,11,6,1,4,23,59,7,4,2,1,6,61,1,0,30,6,8,4,5,2,7,20,5,5
Austen,1,Sense and Sensibility,161,31,1700,27,8,1,6,44,8,2,9,12,10,7,9,10,2,5,2,1,6,18,14,20,2,10,36,8,3,47,0,2,25,0,1,9,0,5,8,17,2,49,14,4,1,5,1,1,5,4,3,8,13,70,10,3,4,0,10,57,1,1,39,7,1,9,8,8,4,13,1,0
Austen,1,Sense and Sensibility,161,32,1700,24,6,0,3,52,3,1,14,11,12,5,11,14,4,3,1,2,4,17,10,13,2,10,45,11,5,27,1,14,17,3,1,6,5,5,9,25,1,57,10,4,3,10,0,0,3,7,3,4,18,55,8,2,2,1,9,67,2,0,27,6,7,5,6,0,2,16,3,8
Austen,1,Sense and Sensibility,161,33,1700,38,11,0,4,47,8,4,25,9,13,9,12,8,3,2,0,1,5,22,12,13,2,15,50,2,2,32,2,6,25,2,1,9,5,13,3,21,1,40,10,2,4,5,0,2,12,3,9,7,27,45,5,5,1,0,10,60,1,1,24,4,3,3,12,2,7,15,7,8
Austen,1,Sense and Sensibility,161,34,1700,29,9,0,8,32,8,5,17,9,20,16,17,8,7,6,0,0,8,17,8,16,2,21,28,3,10,22,0,5,21,3,3,5,6,6,20,19,4,50,15,3,5,1,2,0,14,2,6,4,20,48,5,1,4,0,10,57,1,0,21,6,14,4,19,5,7,11,7,13
Austen,1,Sense and Sensibility,161,35,1700,27,12,0,1,53,4,2,18,7,17,9,16,15,12,4,2,1,5,14,6,9,3,23,40,12,5,15,1,15,25,3,10,8,5,10,16,16,3,47,13,8,4,7,1,3,11,2,9,6,17,53,4,3,4,1,10,49,3,0,19,4,2,6,6,11,3,11,9,6
Austen,1,Sense and Sensibility,161,36,1700,45,12,0,3,48,3,6,16,9,17,6,13,12,8,11,2,0,2,28,4,8,7,12,40,8,10,24,0,14,30,3,4,4,3,18,7,11,4,32,8,7,6,4,0,1,7,3,4,4,23,51,2,5,5,1,10,42,3,0,9,4,8,3,3,2,18,9,6,6
Austen,1,Sense and Sensibility,161,37,1700,30,7,0,8,51,4,2,19,12,18,8,7,12,1,4,1,2,3,16,9,14,6,8,47,11,5,37,3,12,29,2,7,7,1,3,8,12,6,57,12,6,4,1,0,0,6,1,6,7,21,67,8,5,4,1,7,44,0,0,26,7,6,4,7,7,3,17,4,2
Austen,1,Sense and Sensibility,161,38,1700,41,7,0,3,47,3,0,12,12,18,10,16,13,4,1,1,2,4,28,9,25,1,16,56,5,2,22,1,8,35,0,1,6,4,26,11,16,3,50,7,7,3,5,4,2,8,6,5,0,20,51,3,3,5,0,11,50,1,1,40,4,5,4,8,5,9,10,2,7
Austen,1,Sense and Sensibility,161,39,1700,22,12,0,3,49,2,0,16,13,21,9,10,14,4,4,0,5,5,17,12,21,1,19,58,17,0,21,3,3,21,3,4,5,12,6,14,11,8,53,10,3,1,3,1,0,5,3,4,11,17,53,1,1,4,0,12,60,2,0,14,6,17,9,10,3,6,16,11,6
Austen,1,Sense and Sensibility,161,40,1700,28,14,0,3,50,2,1,15,16,15,3,10,14,0,2,1,1,3,12,6,15,0,7,40,5,4,20,1,6,31,3,0,4,1,5,9,21,3,49,7,4,5,4,0,6,4,1,7,5,26,76,6,0,4,0,4,60,0,0,36,6,6,4,3,5,4,13,15,5
Austen,1,Sense and Sensibility,161,41,1700,34,13,0,6,51,4,9,13,12,20,2,13,5,6,3,3,0,4,20,3,6,4,1,24,20,2,26,0,15,23,2,4,2,3,5,8,14,1,51,23,5,2,4,1,4,7,3,2,4,23,57,11,1,4,0,3,68,1,4,29,9,5,2,8,2,4,14,3,10
Austen,1,Sense and Sensibility,161,42,1700,48,10,0,8,52,4,3,16,11,22,5,16,5,4,9,3,3,2,23,5,7,11,16,35,13,4,23,2,23,28,1,4,5,7,7,2,23,6,42,10,4,5,3,2,4,10,0,4,6,21,48,2,1,5,0,3,59,1,1,13,6,3,1,3,1,11,11,6,9
Austen,1,Sense and Sensibility,161,43,1700,22,11,1,5,41,3,0,16,11,19,5,17,13,2,1,0,4,3,17,5,20,0,8,40,9,0,28,0,2,14,4,0,6,2,2,3,25,4,54,16,5,4,5,0,1,8,3,1,5,25,79,12,2,6,0,4,70,1,0,38,16,1,4,12,11,1,16,5,0
Austen,1,Sense and Sensibility,161,44,1700,28,12,0,4,44,7,6,21,9,11,8,17,15,0,2,2,0,5,16,5,18,3,8,55,7,3,23,2,14,18,0,0,9,2,5,7,20,5,38,8,7,5,4,0,7,12,0,6,4,16,41,2,1,5,0,5,60,2,1,26,7,8,1,4,3,4,10,3,6
Austen,1,Sense and Sensibility,161,45,1700,27,10,0,2,50,8,3,18,8,17,3,15,5,1,4,2,2,6,17,6,12,3,12,35,12,6,25,2,8,25,1,1,6,7,4,7,25,1,51,5,1,7,5,1,5,11,3,3,1,31,59,4,2,1,0,11,65,4,1,26,11,8,3,6,6,4,12,11,2
Austen,1,Sense and Sensibility,161,46,1700,29,8,0,3,55,9,1,17,15,14,3,11,12,0,0,0,3,10,18,9,13,1,9,49,10,2,23,3,3,26,2,0,5,5,3,4,16,3,70,19,6,4,4,1,0,11,2,1,7,16,85,15,1,2,0,7,55,0,3,35,10,4,4,11,5,1,9,8,1
Austen,1,Sense and Sensibility,161,47,1700,23,12,0,7,50,10,3,21,10,25,3,13,10,6,10,1,0,4,12,7,12,0,3,31,14,5,33,4,13,29,3,4,5,1,21,7,16,0,39,7,1,2,3,0,4,15,5,8,3,20,66,10,2,7,1,7,56,1,1,28,2,3,3,5,2,6,15,8,3
Austen,1,Sense and Sensibility,161,48,1700,32,17,0,3,57,10,1,22,7,23,6,6,9,1,4,2,1,3,26,2,12,6,12,39,4,2,29,3,9,31,4,5,1,2,12,11,15,0,45,7,3,3,6,0,6,15,4,9,6,21,40,3,4,5,0,8,74,2,2,36,1,11,3,5,3,3,10,12,10
Austen,1,Sense and Sensibility,161,49,1700,22,17,0,7,39,9,2,12,9,24,14,10,5,5,3,0,3,2,12,8,14,9,30,27,11,9,29,1,16,31,1,6,2,2,16,6,19,5,42,9,7,8,1,2,6,11,3,7,0,23,39,2,2,4,1,10,69,3,2,21,4,7,4,5,5,4,16,9,9
Austen,1,Sense and Sensibility,161,50,1700,33,13,0,2,43,9,2,18,11,13,8,17,12,4,8,1,0,1,25,3,13,7,14,27,15,5,28,2,20,34,2,1,12,4,6,5,16,5,49,6,4,6,4,1,5,11,2,8,7,20,47,4,1,3,1,3,51,2,6,15,4,3,2,8,4,2,9,10,0
Austen,1,Sense and Sensibility,161,51,1700,30,19,0,4,64,7,1,23,9,17,6,15,11,4,5,1,0,2,28,9,21,0,13,23,9,6,15,3,6,20,3,0,6,7,8,11,27,3,38,9,2,4,7,0,8,11,5,6,3,18,39,5,5,3,1,5,59,4,7,23,5,15,5,4,0,12,7,12,7
Austen,1,Sense and Sensibility,161,52,1700,28,3,0,1,41,9,3,20,6,23,5,12,6,0,5,1,1,3,25,12,11,3,10,38,8,4,20,1,9,29,4,1,7,4,8,4,22,3,32,12,5,3,3,2,5,12,2,3,5,20,51,10,1,5,0,8,69,2,3,25,2,9,6,9,3,9,20,8,3
Austen,1,Sense and Sensibility,161,53,1700,26,7,0,13,33,6,4,26,15,24,7,14,5,4,12,0,1,0,18,6,10,3,15,12,15,7,22,1,19,41,4,5,8,6,16,4,27,4,46,5,7,4,3,0,5,18,0,7,5,21,45,2,3,3,1,9,73,1,1,16,4,9,2,7,3,8,11,8,5
Austen,1,Sense and Sensibility,161,54,1700,25,10,0,4,39,5,1,27,7,17,6,11,9,4,7,2,3,1,18,2,17,8,11,22,18,3,28,1,9,32,0,2,5,4,9,6,20,2,48,14,4,6,7,1,7,10,5,8,4,29,59,0,1,0,0,4,66,3,3,13,4,7,4,10,1,7,12,6,11
Austen,1,Sense and Sensibility,161,55,1700,26,10,1,4,33,10,1,16,9,30,6,11,8,5,3,0,1,2,20,12,10,8,18,48,12,3,24,0,18,44,0,5,2,7,3,8,20,7,37,8,7,4,5,0,6,7,1,6,0,37,54,4,0,6,0,8,73,1,4,20,2,4,2,6,1,8,7,11,2
Austen,1,Sense and Sensibility,161,56,1700,30,11,0,3,48,9,5,20,8,12,9,13,11,0,4,0,2,2,19,19,17,3,7,37,9,2,38,2,7,34,3,2,7,4,10,6,16,4,52,15,2,3,5,0,5,5,0,4,2,16,72,7,1,3,2,4,66,1,2,33,5,4,6,11,3,1,15,3,3
Austen,1,Sense and Sensibility,161,57,1700,37,8,0,5,82,1,0,16,12,6,4,6,18,0,2,0,1,9,10,13,15,0,7,62,27,0,45,1,0,8,4,0,7,1,0,4,13,2,68,18,1,5,10,0,0,6,1,3,5,12,81,8,0,2,0,2,55,2,3,20,4,3,3,5,6,0,13,7,0
Austen,1,Sense and Sensibility,161,58,1700,34,6,0,2,48,3,0,14,9,10,3,9,13,0,0,2,2,7,22,8,11,0,3,63,16,2,29,2,3,17,1,0,8,4,0,11,19,2,60,12,2,2,6,0,3,11,4,3,7,16,79,6,2,1,0,2,63,4,0,36,7,2,4,9,9,1,24,9,0
Austen,1,Sense and Sensibility,161,59,1700,29,12,0,10,63,1,0,9,16,22,5,13,9,1,2,3,3,11,10,8,15,0,5,68,13,1,31,3,7,22,4,0,6,3,1,10,18,3,54,7,2,4,3,0,0,2,5,5,6,17,64,5,0,2,0,4,61,3,0,30,3,8,6,6,1,2,25,8,3
Austen,1,Sense and Sensibility,161,60,1700,30,6,0,10,43,9,0,5,13,14,9,11,15,2,7,1,4,6,16,7,15,5,27,39,4,4,22,1,11,31,1,9,7,4,35,5,17,2,50,13,6,3,5,0,1,4,4,5,7,21,50,0,4,2,0,7,62,0,3,28,5,10,4,6,1,6,16,3,12
Austen,1,Sense and Sensibility,161,61,1700,31,14,0,7,38,4,5,27,7,7,2,11,6,1,5,0,3,10,12,5,13,0,10,33,3,2,39,0,6,27,1,0,2,1,28,3,14,4,42,13,4,4,5,2,4,10,3,7,6,28,48,2,4,2,0,8,69,1,0,41,9,11,5,5,3,0,10,6,11
Austen,1,Sense and Sensibility,161,62,1700,32,11,0,4,44,3,4,13,12,18,3,9,7,4,6,1,5,5,14,9,19,2,16,32,7,4,33,0,9,19,5,4,7,5,24,7,15,8,45,5,8,4,8,0,2,1,9,2,6,19,44,3,0,3,0,6,59,2,1,35,7,14,5,7,4,8,10,3,17
Austen,1,Sense and Sensibility,161,63,1700,22,7,0,11,40,6,3,28,10,16,3,12,18,2,3,2,8,7,24,5,12,4,8,63,20,2,22,3,6,20,3,1,5,2,10,6,17,7,50,7,6,4,9,3,3,9,0,10,5,19,52,2,3,2,0,0,60,1,0,27,2,4,2,13,0,2,15,6,1
Austen,1,Sense and Sensibility,161,64,1700,30,3,0,5,67,2,6,24,18,11,4,11,13,1,2,1,1,8,16,6,7,1,3,50,18,4,29,3,10,11,5,0,8,4,4,4,12,4,58,12,3,5,3,2,2,10,4,2,8,12,71,10,2,8,0,1,59,0,0,15,4,3,4,14,1,7,14,5,1
Austen,1,Sense and Sensibility,161,65,1700,22,8,0,3,42,2,2,20,12,23,11,17,10,4,8,1,4,5,15,6,21,4,13,30,12,7,16,1,4,21,2,1,5,6,35,7,15,5,41,11,3,8,11,3,4,5,4,4,6,20,54,4,1,4,0,2,55,2,0,15,3,13,4,5,4,4,21,7,9
Austen,1,Sense and Sensibility,161,66,1700,23,9,0,5,55,3,2,24,8,9,16,12,12,2,3,1,4,3,8,8,24,7,25,39,28,2,24,1,8,23,0,1,1,6,6,8,17,4,53,13,6,5,3,2,2,7,4,4,3,24,61,4,1,2,0,6,54,1,2,22,5,3,6,11,7,0,10,15,11
Austen,1,Sense and Sensibility,161,67,1700,23,4,0,9,58,4,1,15,9,20,5,14,6,0,4,4,2,7,8,12,24,0,4,36,11,2,39,0,2,15,0,2,6,3,4,11,16,10,43,9,4,1,6,0,4,7,8,0,4,25,52,9,4,2,0,2,64,4,0,28,13,4,5,5,1,3,13,7,0
Austen,1,Sense and Sensibility,161,68,1700,28,9,0,6,44,11,2,23,25,19,7,11,13,1,2,1,4,6,21,11,33,2,9,27,28,1,29,4,5,25,2,0,5,2,10,12,12,3,53,9,7,6,6,1,3,10,2,6,8,18,68,1,3,1,0,1,57,1,0,42,3,8,6,8,2,1,12,6,1
Austen,1,Sense and Sensibility,161,69,1700,27,7,0,4,51,8,5,14,9,20,9,13,13,1,5,0,2,1,15,4,21,6,11,26,22,2,29,0,4,24,0,2,6,3,15,12,14,5,53,10,7,10,3,4,1,8,2,3,8,24,64,5,1,2,0,2,60,0,2,20,7,5,3,13,2,8,24,10,12
Austen,1,Sense and Sensibility,161,70,1700,30,5,0,3,58,3,1,21,5,16,7,10,17,1,3,1,3,6,21,9,19,4,8,33,13,2,33,0,3,17,0,2,5,3,2,6,17,5,63,13,2,4,3,1,4,6,4,4,6,19,65,9,0,1,0,1,69,0,1,33,6,5,2,8,2,1,22,8,1
Austen,1,Sense and Sensibility,161,71,1700,22,4,0,11,73,2,1,31,13,16,3,7,13,1,3,0,3,7,22,10,16,0,7,40,35,2,42,1,4,16,6,5,5,1,1,7,8,4,66,9,4,6,6,0,0,5,3,3,5,16,55,7,0,2,0,2,58,2,0,34,5,7,3,12,5,4,19,5,1
Austen,2,Pride and Prejudice,1342,1,1700,27,13,1,4,79,4,9,11,9,13,5,11,18,1,4,0,2,2,13,5,3,8,6,14,4,7,42,0,19,20,8,4,7,0,1,4,23,0,78,4,9,2,7,0,1,1,3,4,6,19,118,3,1,8,2,9,40,1,1,8,2,1,2,10,11,2,15,7,1
Austen,2,Pride and Prejudice,1342,2,1700,27,2,0,7,54,6,11,18,12,5,8,12,4,1,2,0,9,1,13,4,4,14,8,19,12,8,36,2,28,19,7,6,6,5,2,5,27,2,76,4,11,4,10,1,3,5,1,3,7,21,99,5,1,6,3,5,35,3,1,15,2,4,10,12,1,1,12,4,0
Austen,2,Pride and Prejudice,1342,3,1700,31,10,0,3,44,3,7,15,10,9,9,11,7,5,3,2,2,0,8,6,6,10,18,21,15,2,39,2,25,18,4,3,3,2,2,9,21,1,64,4,6,2,12,1,3,6,2,2,5,20,91,6,1,4,1,6,73,2,0,4,1,5,4,3,3,4,19,4,0
Austen,2,Pride and Prejudice,1342,4,1700,28,6,0,4,35,4,12,14,9,17,2,17,7,8,12,1,0,1,19,2,7,6,13,22,13,6,17,2,19,23,1,5,4,7,18,9,25,4,48,10,6,2,4,2,5,13,1,7,3,23,51,3,2,2,0,3,43,1,1,22,2,11,9,1,1,19,13,4,8
Austen,2,Pride and Prejudice,1342,5,1700,35,9,1,6,57,3,7,10,10,16,7,9,14,3,3,3,0,1,19,5,29,0,7,21,32,2,24,1,12,7,0,0,3,2,9,4,15,0,37,2,7,8,0,0,0,13,1,7,2,17,70,2,1,8,0,4,48,3,2,27,6,3,4,9,5,0,30,6,4
Austen,2,Pride and Prejudice,1342,6,1700,40,5,0,8,54,1,5,12,10,14,9,17,16,1,5,0,0,2,8,4,26,0,2,16,37,5,31,2,11,22,1,2,8,0,4,7,28,2,44,5,4,2,3,1,3,7,0,2,6,17,50,6,0,7,0,1,64,1,1,26,14,5,4,3,3,1,24,4,2
Austen,2,Pride and Prejudice,1342,7,1700,43,4,1,2,37,5,9,18,11,21,3,18,12,4,7,1,2,4,5,5,14,5,9,32,11,17,28,0,26,34,1,6,7,7,4,2,25,1,52,9,4,7,6,1,7,7,3,3,6,24,46,6,2,5,1,6,64,0,1,22,7,4,3,7,8,5,20,9,6
Austen,2,Pride and Prejudice,1342,8,1700,38,10,1,6,52,3,7,9,15,10,5,10,8,6,6,0,0,3,14,10,13,2,9,21,11,6,33,0,14,22,0,0,5,5,12,3,19,3,53,7,6,3,3,3,4,9,6,6,3,12,63,15,1,1,0,9,56,0,0,22,6,5,9,7,6,3,16,9,7
Austen,2,Pride and Prejudice,1342,9,1700,29,13,1,5,54,2,4,16,12,20,4,9,10,5,4,1,0,1,14,4,16,2,8,50,5,8,18,3,8,12,1,2,2,4,14,10,22,0,39,5,3,7,2,1,6,8,1,5,3,13,71,4,3,5,0,9,58,1,1,37,11,1,13,6,3,6,13,5,6
Austen,2,Pride and Prejudice,1342,10,1700,34,18,0,9,47,5,4,13,10,11,2,11,14,3,4,1,0,1,13,5,5,4,14,40,9,3,26,1,19,26,1,2,4,6,9,9,15,2,39,6,5,2,6,0,4,9,2,9,7,22,47,9,3,3,1,12,47,0,2,15,7,6,5,2,9,6,17,8,11
Austen,2,Pride and Prejudice,1342,11,1700,36,3,3,5,45,1,9,9,12,19,4,17,3,3,9,0,0,1,15,0,9,5,9,37,17,7,31,4,26,20,0,2,1,6,12,1,26,1,37,13,5,4,3,1,5,9,3,4,2,25,59,7,2,7,0,4,40,2,2,22,4,7,5,4,4,4,20,7,3
Austen,2,Pride and Prejudice,1342,12,1700,33,5,0,5,40,4,5,14,13,14,1,12,13,3,14,0,1,0,21,3,4,2,11,28,13,7,21,3,16,20,1,3,8,5,14,11,24,2,53,9,4,3,2,0,6,7,6,8,5,26,49,2,3,3,1,7,62,1,2,9,9,5,3,11,2,6,16,8,14
Austen,2,Pride and Prejudice,1342,13,1700,27,6,1,7,52,2,12,18,15,20,2,19,13,5,6,2,1,0,13,4,9,4,8,23,11,12,32,3,12,21,0,5,4,2,8,12,18,1,39,8,8,2,4,2,3,8,4,5,3,15,62,9,5,5,0,4,51,7,2,19,7,5,6,4,1,4,11,8,7
Austen,2,Pride and Prejudice,1342,14,1700,34,5,0,6,50,0,5,13,17,18,8,10,9,2,6,0,3,2,17,5,20,2,14,20,13,4,16,0,21,28,2,2,2,2,16,6,21,2,48,9,2,0,3,1,5,5,7,5,2,22,59,9,1,4,0,6,63,1,0,21,5,1,3,6,3,4,12,7,5
Austen,2,Pride and Prejudice,1342,15,1700,28,10,1,2,54,6,8,13,7,12,4,14,12,5,5,0,2,2,13,4,20,5,7,25,25,4,36,1,26,15,5,3,4,2,13,4,18,1,55,9,2,4,1,1,3,4,8,3,4,23,59,3,1,5,3,6,59,2,1,16,8,4,3,13,4,7,14,4,7
Austen,2,Pride and Prejudice,1342,16,1700,33,5,0,8,77,3,2,20,13,10,4,10,10,1,1,1,1,3,14,10,19,0,4,17,37,4,27,1,1,16,0,2,1,1,3,4,10,3,50,15,5,2,3,0,3,2,1,2,2,10,78,10,4,3,0,2,58,5,1,36,9,4,6,3,3,3,19,3,0
Austen,2,Pride and Prejudice,1342,17,1700,24,8,1,7,52,4,3,16,17,17,4,16,15,0,2,2,3,1,15,5,22,0,13,20,22,3,34,4,8,8,2,1,7,1,5,6,23,1,45,8,5,6,4,1,3,3,1,5,3,16,79,9,2,3,0,3,48,1,1,33,10,5,7,4,8,2,25,7,3
Austen,2,Pride and Prejudice,1342,18,1700,35,8,1,3,52,2,4,15,6,18,10,24,6,12,4,1,1,1,12,5,14,7,18,11,38,2,19,0,20,26,0,3,2,4,9,4,22,3,47,2,3,0,6,1,2,4,3,9,4,15,66,2,0,3,1,7,62,4,0,18,5,9,4,6,4,5,13,1,2
Austen,2,Pride and Prejudice,1342,19,1700,25,8,0,5,55,7,0,15,9,13,8,11,10,5,2,0,2,1,17,13,16,5,13,37,17,6,23,1,9,22,0,1,5,2,6,12,19,2,67,9,5,2,6,0,2,5,3,4,3,23,65,9,0,5,0,5,56,0,0,20,8,7,1,5,5,4,14,3,1
Austen,2,Pride and Prejudice,1342,20,1700,34,7,1,5,47,3,8,9,9,15,6,8,14,2,6,2,2,2,21,5,12,2,10,33,17,4,24,0,10,13,1,7,2,3,4,10,28,3,57,9,2,0,4,2,1,5,6,7,5,25,64,3,2,4,0,6,64,0,0,24,8,6,6,6,4,5,18,4,6
Austen,2,Pride and Prejudice,1342,21,1700,29,7,0,4,40,3,3,15,10,11,5,12,11,2,5,1,1,1,12,6,5,10,12,20,23,4,22,1,15,19,0,4,4,5,16,9,23,3,54,13,3,3,0,0,1,4,0,6,6,26,63,2,4,6,1,6,67,1,0,13,2,7,3,9,4,3,21,4,11
Austen,2,Pride and Prejudice,1342,22,1700,27,4,0,9,56,4,1,16,16,19,3,7,14,2,5,1,1,2,18,5,12,1,8,52,19,1,18,1,2,19,0,2,5,5,0,10,15,2,64,6,4,2,3,1,7,8,2,12,3,25,62,8,1,3,1,1,81,1,2,36,13,3,3,11,7,3,14,4,0
Austen,2,Pride and Prejudice,1342,23,1700,24,8,1,3,47,4,8,22,8,16,4,9,10,5,8,1,3,2,23,3,3,2,14,19,7,1,22,1,8,19,0,9,2,6,26,8,18,4,48,8,4,1,3,1,1,5,0,3,3,27,66,2,0,3,0,9,54,1,3,11,6,2,9,6,3,11,16,9,20
Austen,2,Pride and Prejudice,1342,24,1700,17,4,0,8,45,2,9,21,5,18,1,11,10,4,10,1,1,3,15,6,8,3,20,41,10,10,37,3,15,21,1,4,1,5,24,8,29,3,44,12,2,1,2,0,2,4,1,8,4,21,50,2,1,2,0,8,59,1,4,11,4,8,3,4,6,16,16,8,17
Austen,2,Pride and Prejudice,1342,25,1700,19,14,1,7,51,6,6,17,4,15,6,12,13,2,7,0,1,0,13,15,11,5,12,25,17,2,27,2,13,25,1,6,5,2,18,6,22,3,46,13,1,3,5,2,2,10,3,0,5,28,68,11,2,2,0,9,65,0,1,11,6,4,5,9,3,15,13,2,13
Austen,2,Pride and Prejudice,1342,26,1700,19,8,0,4,48,7,2,13,9,20,6,11,8,7,0,1,2,1,19,8,13,2,10,33,20,7,23,0,16,20,4,2,7,9,6,6,15,2,57,8,2,3,5,0,6,8,3,5,7,30,70,6,0,6,1,8,57,0,1,27,10,2,5,2,2,4,13,12,4
Austen,2,Pride and Prejudice,1342,27,1700,33,11,0,5,51,2,1,24,8,21,8,10,13,2,2,0,0,3,13,9,16,0,9,32,13,2,18,1,4,21,0,3,5,3,12,7,13,5,50,18,2,2,2,0,3,11,0,5,11,29,54,7,3,3,0,3,59,0,2,30,5,5,3,7,1,2,17,3,5
Austen,2,Pride and Prejudice,1342,28,1700,16,14,2,9,44,5,5,20,6,18,7,11,6,3,5,0,2,3,18,3,13,2,10,31,18,4,19,3,8,26,2,3,8,3,11,9,24,1,69,14,4,4,7,1,9,4,1,6,6,25,61,3,0,1,1,10,62,0,0,25,9,2,1,7,0,5,12,3,3
Austen,2,Pride and Prejudice,1342,29,1700,29,7,0,5,48,2,5,15,8,17,10,17,14,4,12,1,0,1,11,5,17,1,14,27,19,7,28,1,23,31,1,9,5,6,2,6,18,5,63,8,2,4,5,1,5,11,1,3,5,20,51,3,2,8,2,8,51,0,0,18,2,7,5,4,8,7,9,7,8
Austen,2,Pride and Prejudice,1342,30,1700,25,6,0,5,47,3,7,18,9,28,4,10,8,3,6,2,2,2,7,8,10,1,9,29,12,5,28,2,15,29,3,3,5,2,10,5,28,4,54,16,3,1,4,1,6,14,2,4,3,22,43,1,1,4,0,5,61,1,2,19,2,4,4,9,0,17,20,8,8
Austen,2,Pride and Prejudice,1342,31,1700,21,12,0,0,53,4,3,27,12,17,11,16,6,2,3,0,2,7,20,8,19,3,8,42,11,6,24,1,7,24,1,2,4,4,16,8,24,4,39,11,1,4,3,1,5,3,3,5,5,29,44,3,0,6,0,10,54,1,0,32,9,6,6,2,0,6,12,12,2
Austen,2,Pride and Prejudice,1342,32,1700,26,11,1,5,67,2,3,17,11,15,3,8,6,0,2,0,1,7,9,3,12,4,7,45,21,5,36,1,8,17,4,1,5,2,4,6,23,1,56,7,5,6,3,3,4,8,1,1,3,16,75,9,3,5,0,2,62,1,0,30,14,14,7,11,8,4,11,5,0
Austen,2,Pride and Prejudice,1342,33,1700,25,8,1,7,57,3,3,11,16,13,5,10,9,0,2,2,1,5,10,6,12,4,12,37,12,0,34,4,20,16,2,0,3,1,8,2,18,0,54,7,2,1,5,0,5,7,1,8,1,18,82,7,0,6,0,6,42,1,1,28,9,8,7,12,6,8,19,7,4
Austen,2,Pride and Prejudice,1342,34,1700,31,15,0,3,57,6,4,18,12,14,6,17,7,2,3,1,0,4,7,4,17,3,13,35,8,3,22,2,9,11,1,1,3,3,5,7,20,1,38,9,6,2,8,1,3,7,7,5,3,15,64,4,5,5,0,1,60,4,2,34,14,9,6,5,8,1,11,3,14
Austen,2,Pride and Prejudice,1342,35,1700,25,4,0,4,58,5,5,10,17,7,8,8,13,0,2,0,0,3,19,4,23,1,8,27,19,5,35,7,4,13,0,1,5,3,3,5,15,3,57,7,4,3,5,0,2,11,2,3,3,22,91,10,3,11,0,4,51,0,2,34,16,8,4,9,3,0,13,6,0
Austen,2,Pride and Prejudice,1342,36,1700,32,9,0,4,46,7,4,13,15,14,4,10,5,4,7,3,0,2,11,2,10,6,19,22,13,5,25,2,14,20,0,3,5,4,11,7,25,1,46,9,3,3,4,0,4,11,2,2,2,20,49,3,5,3,1,8,68,2,0,13,7,7,9,3,3,6,10,7,9
Austen,2,Pride and Prejudice,1342,37,1700,33,6,0,7,52,0,5,15,16,12,3,18,8,3,8,1,2,2,8,8,7,2,17,31,18,4,34,1,10,29,1,3,5,6,4,4,22,2,59,10,4,3,7,1,4,2,4,2,5,21,68,5,2,8,0,6,43,2,0,22,3,8,4,10,3,1,10,7,2
Austen,2,Pride and Prejudice,1342,38,1700,32,11,0,8,45,7,3,11,6,17,7,14,7,0,4,1,0,3,11,8,20,2,12,42,17,4,23,3,12,19,2,2,1,1,6,6,27,2,59,9,3,2,4,1,2,3,5,2,4,29,54,3,1,10,0,7,61,1,2,33,13,9,4,12,4,3,14,4,2
Austen,2,Pride and Prejudice,1342,39,1700,16,3,0,7,48,5,2,9,8,7,14,11,9,8,1,1,3,6,14,9,21,2,33,22,26,4,31,4,10,19,2,2,2,2,16,6,14,5,65,10,3,3,4,0,3,9,1,3,4,21,77,0,1,2,0,13,43,2,1,24,3,8,4,18,3,2,23,5,20
Austen,2,Pride and Prejudice,1342,40,1700,20,2,3,4,39,8,1,13,6,20,13,17,13,3,3,0,2,1,10,9,21,4,17,13,15,6,28,2,12,28,3,2,3,6,21,7,22,2,74,14,2,5,4,2,1,8,2,3,4,29,69,3,3,3,0,8,54,1,0,28,6,5,2,18,5,4,17,5,21
Austen,2,Pride and Prejudice,1342,41,1700,29,8,2,4,47,5,0,17,4,23,5,16,6,2,2,1,2,7,13,9,13,3,7,17,33,5,30,0,4,20,2,5,6,6,11,7,24,4,68,9,5,2,6,1,3,6,3,1,3,20,64,1,3,5,0,10,62,1,0,34,7,12,6,16,5,6,13,8,5
Austen,2,Pride and Prejudice,1342,42,1700,20,3,1,4,46,1,1,21,13,5,21,18,10,0,1,0,1,6,9,8,46,1,15,35,35,1,32,1,1,12,1,0,5,3,5,11,11,4,65,12,4,4,6,1,1,11,4,7,3,32,73,5,2,3,0,4,42,0,0,16,9,7,2,16,4,0,12,6,0
Austen,2,Pride and Prejudice,1342,43,1700,29,8,0,5,52,1,6,12,9,17,10,12,11,4,1,0,0,2,20,3,11,3,13,22,13,5,28,2,7,19,1,5,2,10,12,1,13,1,57,7,4,3,2,10,4,13,0,0,1,19,53,6,1,11,2,2,59,0,0,21,8,3,5,6,1,10,19,5,14
Austen,2,Pride and Prejudice,1342,44,1700,24,14,0,8,71,8,7,17,12,11,5,15,6,2,6,3,1,0,21,3,15,1,22,25,4,5,24,1,18,23,0,1,2,3,5,4,19,3,38,7,4,4,4,0,4,7,4,10,3,11,65,10,6,12,3,4,52,2,0,24,8,9,4,5,2,5,12,9,3
Austen,2,Pride and Prejudice,1342,45,1700,26,12,0,5,45,3,2,15,12,23,7,15,4,1,10,0,0,3,21,3,14,6,16,19,14,5,26,1,11,23,2,4,6,6,4,9,23,5,50,9,12,2,1,1,7,16,4,13,3,17,62,1,7,9,0,6,55,1,0,32,5,10,5,9,4,11,9,7,5
Austen,2,Pride and Prejudice,1342,46,1700,19,11,1,4,56,7,7,19,9,23,6,11,6,4,10,1,2,1,15,8,6,6,9,49,4,9,27,0,20,20,0,3,4,7,9,7,23,3,61,4,4,2,4,2,3,10,2,8,4,15,61,12,3,4,0,7,43,3,2,16,7,7,3,7,3,19,7,6,3
Austen,2,Pride and Prejudice,1342,47,1700,30,9,0,5,55,2,3,12,14,7,10,14,9,0,0,0,3,4,19,13,26,4,11,46,29,4,37,0,9,8,1,2,2,3,1,4,12,4,68,9,1,5,4,0,0,8,3,6,3,21,69,11,0,3,0,2,49,1,1,25,9,7,4,18,3,2,21,7,0
Austen,2,Pride and Prejudice,1342,48,1700,41,8,0,5,70,4,3,17,16,19,4,12,9,1,0,1,0,6,16,8,20,0,6,31,4,3,18,5,3,21,9,2,6,2,4,5,8,4,57,7,4,3,7,0,3,8,9,5,5,15,86,10,1,8,0,2,57,2,0,35,25,1,5,11,2,0,15,5,1
Austen,2,Pride and Prejudice,1342,49,1700,32,4,2,3,48,2,5,19,14,11,11,18,8,4,4,3,0,1,10,7,14,1,11,29,20,2,21,2,20,21,2,1,9,1,8,4,18,4,52,7,3,3,6,2,3,6,2,3,7,21,76,5,2,5,0,13,42,4,1,32,13,4,9,3,6,5,16,4,3
Austen,2,Pride and Prejudice,1342,50,1700,33,3,0,2,52,2,2,14,14,11,9,13,9,1,1,0,1,6,15,7,22,0,2,39,35,4,30,4,2,27,3,0,5,3,2,5,15,4,60,11,2,4,7,0,4,8,11,5,3,22,83,8,2,7,0,5,52,0,1,38,6,10,5,7,5,1,15,3,1
Austen,2,Pride and Prejudice,1342,51,1700,31,7,2,7,67,2,3,19,8,11,11,19,10,1,2,1,1,5,9,6,28,3,8,46,27,1,29,3,9,16,2,2,5,1,1,5,14,5,50,14,2,2,2,0,2,6,4,9,10,25,63,6,1,8,0,4,47,3,0,38,12,4,7,4,4,3,16,3,3
Austen,2,Pride and Prejudice,1342,52,1700,34,10,0,5,52,9,0,17,14,17,6,12,9,0,1,1,2,0,11,7,28,0,3,44,23,1,30,2,1,26,4,0,2,1,0,6,20,4,59,17,3,6,7,0,1,10,4,3,4,26,61,12,1,6,0,7,68,1,1,41,10,1,10,10,4,1,12,7,0
Austen,2,Pride and Prejudice,1342,53,1700,30,12,1,5,58,3,4,13,10,10,9,14,14,0,1,0,0,2,12,13,20,1,8,58,12,1,26,2,8,10,4,0,8,4,3,10,25,3,44,11,5,3,3,0,3,4,6,4,4,24,68,5,3,6,0,7,51,1,0,29,10,3,5,13,4,0,15,6,2
Austen,2,Pride and Prejudice,1342,54,1700,21,9,0,6,42,3,7,18,12,17,12,24,9,5,2,1,1,2,17,12,14,9,13,20,17,2,18,4,20,22,0,1,5,8,19,6,23,3,29,13,6,2,3,4,0,11,1,6,3,23,43,9,1,5,0,9,65,1,2,16,6,12,2,5,2,4,9,7,3
Austen,2,Pride and Prejudice,1342,55,1700,22,15,0,9,40,2,5,22,8,27,11,24,5,5,2,1,2,4,14,3,19,4,14,37,14,5,26,1,14,27,4,2,2,4,9,7,17,6,48,14,5,6,4,1,6,12,2,12,3,27,52,9,0,3,0,5,58,4,5,26,6,10,3,3,4,3,11,7,3
Austen,2,Pride and Prejudice,1342,56,1700,23,15,0,2,56,6,7,22,2,18,11,19,11,4,7,0,1,5,10,11,13,11,8,35,9,2,26,2,19,19,1,3,3,5,9,10,18,2,59,14,1,1,5,1,6,5,3,8,2,33,62,12,2,5,0,7,54,3,0,18,8,11,7,9,4,4,10,5,1
Austen,2,Pride and Prejudice,1342,57,1700,21,11,0,3,51,6,7,17,8,17,6,15,6,2,7,0,0,1,22,8,15,2,10,29,11,4,31,1,15,27,0,5,3,6,19,10,31,2,46,7,6,2,1,2,3,4,2,11,3,25,47,9,5,4,1,8,54,2,0,15,8,10,8,5,3,11,13,5,2
Austen,2,Pride and Prejudice,1342,58,1700,32,11,2,3,43,8,2,22,15,28,12,16,5,2,5,1,3,8,12,17,23,6,14,16,18,6,35,3,5,18,0,2,5,6,11,4,15,6,55,16,6,3,6,1,1,8,5,7,2,24,52,6,2,5,0,10,71,1,3,27,7,7,3,8,7,3,12,5,6
Austen,2,Pride and Prejudice,1342,59,1700,17,6,0,6,31,5,12,15,8,16,9,8,12,4,5,0,2,1,17,17,24,5,14,23,16,5,26,3,15,29,1,4,3,2,10,9,17,1,46,8,7,0,2,0,3,9,6,3,2,23,52,10,5,7,0,7,61,4,3,18,6,10,6,6,9,13,8,7,10
Austen,2,Pride and Prejudice,1342,60,1700,25,10,0,3,49,1,6,23,5,31,5,8,7,7,6,3,0,2,16,5,17,10,12,34,18,8,19,2,22,22,1,4,4,10,21,7,12,4,28,9,4,3,1,3,5,11,3,7,2,18,34,9,5,3,3,10,58,0,0,11,2,7,3,2,1,19,11,10,6
Austen,2,Pride and Prejudice,1342,61,1700,25,7,0,5,40,6,3,18,10,26,14,14,7,0,2,1,0,1,22,12,20,1,18,36,30,3,29,2,3,19,4,1,4,4,2,9,10,9,57,18,4,2,5,1,7,7,2,6,2,25,74,8,3,7,0,9,61,0,1,42,8,7,6,9,4,5,17,17,1
Austen,2,Pride and Prejudice,1342,62,1700,17,18,0,6,69,1,2,11,13,17,7,10,10,0,4,4,2,1,15,7,17,3,9,36,23,3,25,2,8,18,1,3,6,6,11,10,17,1,43,4,3,3,1,1,8,15,2,7,4,20,61,14,5,6,3,0,57,5,1,36,8,5,6,7,6,7,16,8,3
Austen,2,Pride and Prejudice,1342,63,1700,22,9,0,5,51,3,4,22,7,21,11,12,7,1,4,1,0,0,17,5,23,2,10,26,16,11,19,3,4,35,1,3,3,6,15,6,29,0,31,16,5,3,6,2,6,10,5,8,3,15,36,3,6,7,0,3,75,2,2,43,12,9,3,6,1,3,15,13,7
Austen,2,Pride and Prejudice,1342,64,1700,23,11,0,2,48,1,4,15,10,24,16,21,8,2,6,0,2,4,16,5,28,3,11,22,19,7,22,2,4,30,0,2,7,7,7,4,19,3,35,13,1,2,7,2,3,5,3,3,4,21,48,2,3,2,0,12,55,1,1,47,7,6,5,8,3,2,14,9,13
Austen,2,Pride and Prejudice,1342,65,1700,16,8,0,3,33,1,3,18,14,18,6,16,8,4,6,3,1,2,12,6,14,3,15,21,15,5,18,4,15,35,0,5,4,3,12,6,21,3,38,11,7,4,6,1,4,12,1,5,3,30,44,2,1,9,2,8,57,0,0,26,9,8,7,7,2,11,11,7,2
Austen,2,Pride and Prejudice,1342,66,1700,23,3,0,6,47,4,3,28,20,24,4,21,6,2,3,3,0,1,18,7,19,1,10,45,17,1,20,1,11,28,0,0,7,6,6,6,22,1,48,7,3,4,7,0,1,10,2,6,4,20,50,4,1,5,0,2,61,3,0,23,7,4,9,8,3,6,15,4,1
Austen,2,Pride and Prejudice,1342,67,1700,29,10,0,4,48,5,5,23,15,13,5,8,12,1,4,0,1,2,11,3,16,4,8,38,17,7,23,1,11,11,0,1,7,4,5,6,17,5,33,11,5,4,4,0,1,11,3,4,8,21,58,8,5,7,1,2,65,1,1,25,10,6,5,9,5,4,12,11,2
Austen,2,Pride and Prejudice,1342,68,1700,27,13,0,8,62,3,5,17,11,17,3,13,7,2,5,7,0,2,15,4,14,2,6,45,19,3,26,3,10,9,0,1,5,4,12,7,16,1,38,10,1,0,7,0,1,9,0,5,4,17,47,5,6,2,0,7,63,3,0,32,5,6,5,3,4,8,23,11,6
Austen,2,Pride and Prejudice,1342,69,1700,35,8,0,4,38,2,3,15,9,25,6,15,6,3,2,2,1,1,23,5,11,3,8,26,7,8,24,4,12,26,1,3,3,6,14,10,13,3,43,11,5,3,0,0,2,7,2,7,4,25,63,6,3,4,0,5,53,2,1,26,10,3,6,4,4,6,18,6,13
Austen,2,Pride and Prejudice,1342,70,1700,17,8,1,3,34,4,15,12,6,29,7,12,12,6,9,1,1,3,13,6,1,5,31,11,19,11,22,5,25,21,1,5,3,6,18,20,33,4,42,13,1,3,4,0,1,7,0,9,0,19,58,7,4,2,0,12,80,2,2,8,4,6,2,5,3,15,9,10,23
Austen,2,Pride and Prejudice,1342,71,1700,26,4,0,4,35,5,3,20,13,12,11,14,9,3,4,3,2,3,12,9,20,5,13,29,26,4,20,5,14,29,3,4,4,4,12,1,20,5,59,18,4,6,5,3,4,9,5,1,2,22,63,6,2,0,0,15,58,3,0,18,3,17,6,9,6,2,17,8,8
Austen,2,Pride and Prejudice,1342,72,1700,19,10,0,3,35,5,5,14,6,16,12,17,4,5,5,0,0,4,17,7,16,1,17,17,11,4,22,0,5,25,5,2,4,5,23,4,25,4,57,10,2,4,1,0,3,14,3,7,1,24,49,6,6,3,0,2,67,0,1,28,8,13,2,12,5,6,8,2,12
Austen,2,Pride and Prejudice,1342,73,1700,21,9,0,2,34,2,7,18,16,25,10,22,7,7,11,1,1,1,6,11,26,2,9,24,22,2,24,0,8,24,2,1,5,9,18,12,17,7,33,8,2,4,4,1,1,10,0,5,8,41,36,4,2,4,0,3,51,0,0,27,4,10,8,9,0,6,9,6,11
Austen,2,Pride and Prejudice,1342,74,1700,23,8,1,5,47,4,5,8,10,22,3,16,8,2,7,1,0,1,18,3,11,2,15,49,12,4,32,0,14,27,1,4,8,2,14,6,14,4,32,6,0,2,8,0,7,8,2,4,4,22,50,2,5,4,0,7,55,4,0,27,2,13,4,5,1,10,11,9,10
Austen,2,Pride and Prejudice,1342,75,1700,19,16,0,5,46,3,3,20,11,17,5,14,6,2,2,1,4,2,24,11,12,2,15,33,10,10,20,0,3,18,1,3,9,5,10,5,16,3,50,9,2,2,4,1,3,14,0,2,7,12,53,3,1,2,1,3,80,0,0,37,11,8,9,7,6,6,10,6,16
Austen,3,Mansfield Park,141,1,1700,45,11,0,12,60,6,4,19,6,26,2,15,7,0,6,0,1,0,9,10,12,1,6,36,6,1,30,3,5,17,3,3,6,2,4,6,18,2,68,4,6,3,11,0,4,9,0,9,4,11,63,6,1,6,1,3,67,6,2,11,4,4,1,7,3,1,16,14,3
Austen,3,Mansfield Park,141,2,1700,30,3,0,7,51,6,7,24,10,26,5,14,5,4,6,0,0,1,16,6,12,1,10,58,2,5,25,1,8,16,1,4,5,3,12,13,15,1,60,7,1,3,4,4,8,9,4,4,5,15,58,5,3,11,1,7,69,4,0,22,5,4,3,3,3,14,9,9,1
Austen,3,Mansfield Park,141,3,1700,29,18,0,5,75,1,2,17,10,16,3,17,12,1,4,1,1,4,9,7,19,1,5,76,5,1,23,2,3,17,2,2,7,2,4,11,11,2,47,9,4,1,11,0,2,6,1,2,5,14,71,12,2,5,1,3,61,1,2,21,14,1,7,5,5,6,23,5,4
Austen,3,Mansfield Park,141,4,1700,23,11,0,3,79,3,4,20,10,14,4,14,5,0,5,0,2,1,16,5,10,2,3,49,16,4,30,3,12,16,2,1,8,6,5,6,22,0,73,4,0,5,11,0,7,9,6,3,3,13,64,21,0,8,3,0,48,3,0,23,8,5,6,8,2,1,15,4,3
Austen,3,Mansfield Park,141,5,1700,27,4,0,5,47,5,8,26,5,32,7,18,6,5,11,0,1,1,22,2,10,2,11,30,16,4,27,2,12,24,5,2,3,8,16,5,19,5,40,8,3,3,4,0,4,10,5,4,7,13,61,2,0,5,3,3,76,1,0,12,5,5,5,7,1,10,18,5,6
Austen,3,Mansfield Park,141,6,1700,43,6,0,1,35,5,3,26,13,22,10,15,5,5,13,1,1,1,26,7,15,2,15,18,4,7,22,2,11,24,1,1,5,5,19,3,25,3,45,6,0,3,4,1,4,10,3,6,2,19,52,5,3,1,2,4,69,0,1,9,3,8,2,4,0,12,11,7,7
Austen,3,Mansfield Park,141,7,1700,27,7,0,2,57,8,0,22,18,18,6,12,9,1,2,1,3,4,19,5,19,0,12,49,26,1,33,1,0,19,6,2,3,4,1,7,15,2,61,7,7,6,13,0,6,4,5,6,2,17,73,19,2,2,0,3,66,0,2,26,7,2,6,6,5,0,14,8,1
Austen,3,Mansfield Park,141,8,1700,41,5,0,10,55,2,0,29,10,10,4,11,10,0,0,0,1,1,9,6,20,0,1,43,19,3,40,2,0,10,3,0,2,1,0,6,15,4,75,10,7,2,4,0,4,7,3,4,6,11,85,9,2,1,0,5,48,2,0,42,8,0,4,9,7,0,14,3,0
Austen,3,Mansfield Park,141,9,1700,32,11,0,3,48,3,8,18,10,20,9,20,1,8,10,1,0,1,13,4,10,2,20,27,5,7,36,2,22,25,0,1,6,5,10,11,26,1,36,8,6,3,6,0,3,14,2,3,5,14,49,6,2,7,0,3,46,1,1,20,9,3,5,5,6,10,15,8,7
Austen,3,Mansfield Park,141,10,1700,35,8,0,9,61,3,10,16,8,16,4,13,3,2,9,1,1,3,11,8,10,6,13,19,13,2,20,2,23,21,0,1,5,4,5,4,25,2,35,6,7,4,7,0,4,10,1,5,7,17,67,6,1,5,0,6,58,6,1,23,10,9,3,6,3,5,19,2,1
Austen,3,Mansfield Park,141,11,1700,47,3,0,6,46,5,2,15,13,13,11,13,3,5,9,4,0,2,11,7,12,5,17,8,15,8,29,2,24,44,1,0,5,4,9,3,18,9,35,5,7,2,4,1,8,10,2,7,1,25,75,4,2,4,2,0,40,1,3,23,9,9,2,7,4,3,13,10,2
Austen,3,Mansfield Park,141,12,1700,36,15,0,6,51,4,7,17,15,27,7,21,10,3,8,2,0,1,15,4,11,8,18,9,12,6,43,1,24,45,1,3,2,4,22,6,19,3,49,3,5,3,4,3,4,5,1,4,3,17,67,5,0,4,0,2,52,2,3,16,4,6,5,1,5,7,6,13,3
Austen,3,Mansfield Park,141,13,1700,37,6,0,5,56,6,4,13,15,24,10,11,6,3,8,1,2,5,13,0,6,5,16,36,16,2,21,1,16,27,2,3,3,3,7,6,27,4,54,6,5,0,10,0,6,11,4,4,2,20,58,6,2,13,1,4,58,1,2,30,7,7,6,9,4,4,16,12,6
Austen,3,Mansfield Park,141,14,1700,32,11,1,4,58,2,3,15,14,15,8,15,15,0,6,5,1,0,20,7,9,5,13,46,10,4,22,3,5,23,4,2,3,4,3,11,21,3,32,10,6,3,3,0,5,5,0,3,2,14,76,2,3,4,0,8,57,1,1,39,10,3,6,7,4,3,18,7,0
Austen,3,Mansfield Park,141,15,1700,27,5,0,6,61,3,0,20,9,22,15,20,4,3,5,2,3,0,20,8,24,7,11,38,7,3,18,2,10,34,2,0,5,3,4,7,22,1,28,9,3,1,3,0,4,7,2,2,3,18,69,3,3,7,0,5,55,3,5,38,9,2,3,9,4,2,5,11,9
Austen,3,Mansfield Park,141,16,1700,23,6,0,2,44,4,3,21,15,32,4,11,1,6,8,1,1,0,22,7,10,3,9,42,9,3,20,1,12,28,0,1,3,4,9,14,25,3,39,13,7,6,3,1,8,6,0,1,3,22,75,2,1,11,0,5,55,2,1,25,7,3,8,5,4,11,13,17,4
Austen,3,Mansfield Park,141,17,1700,33,15,1,3,61,3,8,11,10,13,6,13,7,0,0,2,2,1,17,3,16,2,6,23,6,2,23,1,17,25,4,1,9,3,2,9,13,7,75,4,1,6,5,1,1,2,6,2,7,14,113,3,1,9,0,6,50,2,1,41,12,3,6,4,4,3,18,3,0
Austen,3,Mansfield Park,141,18,1700,46,9,0,2,67,3,15,11,11,17,4,11,11,1,6,1,2,1,13,4,6,1,12,17,3,12,29,4,13,24,2,2,5,3,3,3,18,5,47,8,6,5,3,2,4,6,2,3,2,13,99,7,0,7,0,6,49,3,2,21,12,10,4,8,5,2,22,10,1
Austen,3,Mansfield Park,141,19,1700,55,7,0,6,46,4,18,12,8,21,8,15,5,9,15,4,1,1,18,3,4,4,16,8,11,6,31,6,24,28,2,3,2,7,5,2,33,3,68,4,9,7,9,1,7,8,2,2,4,19,85,4,2,8,0,8,41,1,0,9,3,6,3,11,2,4,12,1,4
Austen,3,Mansfield Park,141,20,1700,28,7,0,7,56,3,8,15,8,21,6,17,9,2,6,1,1,0,11,5,14,1,17,16,3,6,17,3,6,28,1,1,8,3,9,4,28,5,36,7,9,2,5,0,2,15,5,2,2,22,71,4,3,3,0,9,39,2,2,30,10,3,2,5,2,13,24,10,4
Austen,3,Mansfield Park,141,21,1700,30,10,0,6,67,4,5,18,12,9,18,12,8,4,5,3,0,1,17,8,36,2,13,27,7,7,15,5,12,20,0,2,8,0,8,4,22,2,46,7,2,5,2,0,5,4,3,2,5,15,77,11,0,5,1,8,57,3,2,27,5,3,3,7,1,2,7,5,4
Austen,3,Mansfield Park,141,22,1700,38,9,1,8,47,3,8,16,10,21,6,16,4,7,7,0,0,1,14,5,4,8,19,9,12,3,33,2,23,42,3,2,4,4,10,12,11,1,57,6,4,1,10,0,8,8,3,4,6,21,75,9,0,8,0,1,45,1,1,23,5,6,3,7,3,6,15,12,12
Austen,3,Mansfield Park,141,23,1700,39,6,0,5,68,3,2,15,8,15,11,8,14,2,4,1,2,5,8,8,14,3,17,17,25,5,32,5,11,22,0,4,9,7,5,3,18,4,59,7,3,4,6,0,3,8,4,6,6,14,81,4,1,6,0,4,64,1,2,13,5,8,3,8,7,5,9,8,3
Austen,3,Mansfield Park,141,24,1700,51,10,0,2,52,4,7,15,12,20,6,13,2,2,6,2,1,0,15,4,12,7,12,27,13,5,23,0,15,30,0,4,7,6,7,7,19,5,50,7,5,5,4,0,4,14,5,7,7,14,53,2,2,2,1,5,47,5,1,21,7,10,3,4,6,8,19,8,2
Austen,3,Mansfield Park,141,25,1700,51,8,0,8,69,4,5,15,14,27,9,11,8,2,7,3,0,1,17,5,11,0,17,2,16,8,27,1,11,32,2,4,6,6,7,7,21,2,42,5,8,6,10,4,3,12,2,5,5,9,87,1,0,4,0,5,61,4,3,29,7,4,1,5,8,1,14,16,0
Austen,3,Mansfield Park,141,26,1700,30,10,1,8,68,5,1,34,8,36,3,10,9,6,7,2,1,3,8,4,11,2,6,18,16,7,38,4,8,20,0,4,4,5,15,16,13,3,51,7,4,2,10,5,2,8,3,4,7,25,65,5,0,5,2,8,55,3,0,20,7,3,1,3,2,10,9,10,5
Austen,3,Mansfield Park,141,27,1700,28,12,0,3,45,2,5,13,7,33,3,15,10,1,15,0,3,4,25,2,9,2,12,24,8,9,23,0,18,43,0,2,5,16,8,11,35,2,39,9,5,2,5,1,2,6,3,1,1,19,81,1,1,4,0,6,52,5,0,26,4,4,2,7,4,8,12,13,6
Austen,3,Mansfield Park,141,28,1700,23,10,0,5,72,4,1,11,7,29,6,17,7,4,11,1,0,2,13,1,12,0,17,15,15,4,26,0,13,33,1,1,3,7,4,2,18,2,47,4,4,8,3,1,3,11,3,2,3,19,71,1,0,2,2,10,57,4,2,22,2,9,5,11,6,14,22,6,8
Austen,3,Mansfield Park,141,29,1700,27,11,0,5,43,4,4,14,11,34,1,13,8,6,17,1,1,1,17,4,8,1,9,8,10,11,20,0,18,21,0,3,2,11,8,12,25,0,31,5,5,7,1,4,8,11,4,3,1,14,77,4,2,8,1,4,48,5,1,20,7,8,3,1,9,10,12,12,12
Austen,3,Mansfield Park,141,30,1700,37,5,0,6,71,5,4,23,17,20,4,14,11,3,13,0,0,2,18,8,21,0,9,42,7,7,20,4,10,29,0,3,10,9,5,5,25,4,38,3,4,7,5,2,3,14,5,7,2,14,52,2,4,6,0,6,63,1,2,21,5,10,7,6,4,10,13,7,3
Austen,3,Mansfield Park,141,31,1700,38,10,0,5,38,4,6,17,9,27,8,15,10,9,8,1,2,5,14,8,22,2,9,48,3,6,32,2,11,31,5,1,7,8,5,8,20,7,63,6,4,1,9,1,0,11,4,5,4,10,71,5,1,7,0,10,64,0,1,22,6,15,4,13,1,10,10,9,6
Austen,3,Mansfield Park,141,32,1700,24,13,0,6,64,3,2,17,9,16,11,15,5,0,5,2,3,3,11,5,29,2,9,35,11,5,34,3,6,27,0,3,3,4,1,12,22,5,44,8,4,4,9,0,1,7,4,6,4,13,60,15,2,6,2,7,57,3,0,41,9,2,5,10,0,6,16,2,4
Austen,3,Mansfield Park,141,33,1700,25,15,2,3,71,4,4,27,11,13,4,12,6,3,8,0,0,5,16,11,15,1,7,22,28,5,25,1,5,11,1,2,8,4,1,6,19,4,47,9,2,4,10,0,1,7,4,5,5,19,68,10,0,8,0,6,62,1,1,35,12,1,3,8,3,5,12,8,2
Austen,3,Mansfield Park,141,34,1700,28,8,0,7,70,2,4,16,17,16,3,12,11,2,6,0,1,2,22,4,10,1,15,27,4,5,31,1,15,31,2,1,5,8,7,5,24,5,45,6,4,2,3,0,2,9,0,5,3,11,81,8,2,8,1,2,52,4,3,26,7,2,5,6,1,5,18,9,5
Austen,3,Mansfield Park,141,35,1700,31,10,0,5,67,4,0,20,15,15,8,7,8,1,4,0,5,8,13,3,17,1,2,43,24,3,21,0,6,22,0,0,2,3,2,4,20,3,56,11,1,4,6,0,0,4,4,5,2,12,93,3,2,0,0,3,51,0,0,52,9,4,4,4,2,2,17,5,0
Austen,3,Mansfield Park,141,36,1700,28,17,0,3,63,6,0,17,12,15,16,15,11,0,4,1,0,1,19,6,20,1,19,21,34,0,25,3,3,17,1,0,3,3,5,5,12,5,58,11,3,0,1,1,1,6,1,4,6,8,82,2,2,9,0,4,51,2,2,29,8,2,4,3,2,6,17,10,2
Austen,3,Mansfield Park,141,37,1700,34,8,0,9,44,5,1,28,9,13,12,15,4,1,5,1,1,4,10,12,11,2,11,13,24,2,22,2,8,17,2,0,4,5,8,2,21,1,61,7,5,6,8,3,5,11,4,9,6,15,66,5,4,4,1,5,51,0,1,26,7,7,3,6,3,3,19,7,9
Austen,3,Mansfield Park,141,38,1700,27,8,1,5,66,7,0,15,15,15,13,18,7,1,2,1,2,5,16,7,25,2,3,14,32,5,29,4,7,19,0,1,5,0,8,7,16,3,53,6,6,2,2,0,10,7,1,3,2,17,80,2,3,7,0,3,53,7,5,37,9,6,3,4,3,3,16,4,3
Austen,3,Mansfield Park,141,39,1700,20,9,0,7,47,4,11,12,14,18,6,22,6,1,10,0,3,3,11,9,16,1,8,17,28,8,24,1,14,26,2,3,11,6,13,1,17,4,46,1,4,6,7,4,2,10,1,6,7,23,62,5,2,6,1,2,62,4,0,33,8,7,5,4,2,5,22,11,8
Austen,3,Mansfield Park,141,40,1700,27,10,0,6,61,4,1,19,7,23,3,7,4,3,1,0,1,2,21,7,18,3,10,58,17,4,29,2,7,17,0,2,7,11,3,6,20,2,52,9,0,3,6,0,6,7,2,6,3,22,76,1,0,6,0,3,50,2,0,32,8,2,4,8,3,1,12,10,0
Austen,3,Mansfield Park,141,41,1700,29,5,1,12,68,4,1,13,17,18,10,8,11,0,1,2,3,4,18,6,22,0,9,40,3,1,30,4,5,18,4,0,7,5,0,5,11,4,58,14,5,4,6,0,1,9,7,5,5,17,81,6,1,6,0,6,66,4,0,30,7,2,6,11,5,2,12,6,2
Austen,3,Mansfield Park,141,42,1700,37,7,0,2,54,4,7,10,8,24,7,17,5,5,11,4,3,2,13,4,9,3,18,4,2,4,31,3,23,27,1,9,7,4,11,6,15,2,55,7,9,1,10,6,5,21,2,7,8,17,78,5,3,9,0,6,39,4,2,6,1,9,5,3,1,5,10,6,4
Austen,3,Mansfield Park,141,43,1700,32,12,0,6,54,6,5,14,7,24,3,22,7,6,11,5,2,0,23,3,9,2,13,38,13,7,24,2,9,17,0,4,7,3,11,8,23,3,37,13,1,4,11,0,10,13,2,4,3,22,49,3,2,6,0,4,66,1,3,19,4,7,4,6,1,10,17,6,10
Austen,3,Mansfield Park,141,44,1700,25,11,0,4,58,2,9,28,12,24,7,10,2,8,6,3,2,1,19,4,9,1,12,26,7,4,25,7,16,20,2,6,2,10,9,6,19,4,41,12,3,8,5,0,6,6,2,7,1,19,51,4,1,6,1,8,59,2,5,19,3,6,7,5,3,5,9,7,13
Austen,3,Mansfield Park,141,45,1700,48,10,0,3,59,8,2,16,14,17,5,11,13,4,6,1,2,1,17,2,17,0,17,25,19,6,26,2,11,16,0,2,6,5,3,4,21,5,34,7,3,5,5,1,1,13,6,4,9,12,41,0,3,6,0,1,61,1,1,18,12,3,9,10,2,13,21,14,8
Austen,3,Mansfield Park,141,46,1700,45,10,0,1,59,3,4,23,9,25,6,17,6,4,16,0,0,1,17,8,16,5,12,51,23,3,27,3,17,12,0,2,4,7,5,10,22,2,54,7,3,7,5,0,3,16,1,6,3,16,58,2,3,6,0,9,58,3,0,18,4,7,6,11,3,6,18,5,2
Austen,3,Mansfield Park,141,47,1700,31,9,0,9,71,7,1,22,15,14,8,8,17,4,3,0,6,4,8,9,27,0,3,19,29,1,37,1,3,21,2,0,5,2,0,9,6,1,68,7,4,3,12,0,1,5,5,13,6,11,92,4,0,0,1,4,52,1,1,35,3,3,5,15,6,0,20,1,0
Austen,3,Mansfield Park,141,48,1700,41,9,1,3,68,4,3,13,10,29,2,11,2,2,7,0,0,0,20,6,11,0,7,22,9,4,30,1,12,33,1,5,0,17,7,7,19,2,48,6,5,1,5,0,0,7,6,4,1,20,93,0,3,6,0,0,50,4,2,29,4,10,3,6,6,7,16,6,5
Austen,3,Mansfield Park,141,49,1700,52,8,0,7,48,3,3,27,16,21,1,18,15,3,6,1,1,5,10,3,9,1,11,10,18,5,25,2,16,22,1,6,5,1,3,12,23,4,50,14,5,7,4,3,4,5,2,7,3,20,60,3,3,11,2,4,52,2,3,22,7,3,3,6,1,9,14,2,14
Austen,3,Mansfield Park,141,50,1700,33,5,0,6,49,4,8,9,19,23,5,15,10,2,10,0,0,3,16,4,13,1,15,14,21,7,22,0,12,25,0,2,10,7,6,7,28,4,47,10,5,5,5,1,8,6,6,2,6,22,62,6,1,4,0,6,60,4,0,23,6,9,7,10,7,10,8,14,10
Austen,3,Mansfield Park,141,51,1700,36,17,0,3,65,5,0,27,10,24,4,13,4,0,1,1,2,2,14,6,23,0,3,46,18,1,33,3,0,16,3,0,7,3,0,9,12,2,60,20,2,1,3,0,4,5,1,9,4,11,89,3,1,7,0,7,64,2,1,35,17,4,4,13,2,0,19,15,0
Austen,3,Mansfield Park,141,52,1700,40,8,0,8,54,4,5,16,9,16,5,15,13,3,4,2,0,0,17,6,16,1,18,36,8,2,28,1,18,32,5,0,7,5,10,8,21,8,41,6,5,2,9,0,1,11,4,10,5,13,53,0,2,5,1,12,53,0,1,25,2,13,3,11,0,5,18,6,13
Austen,3,Mansfield Park,141,53,1700,40,7,1,3,46,7,1,15,9,23,10,10,9,1,3,1,2,1,18,12,19,2,21,40,14,4,27,1,9,36,6,1,8,7,5,8,29,2,55,9,7,5,4,1,4,7,2,6,11,13,74,0,1,3,0,6,66,5,3,32,5,5,2,12,3,2,15,15,2
Austen,3,Mansfield Park,141,54,1700,25,8,0,9,50,2,6,20,10,23,11,18,8,3,6,2,2,1,16,3,25,2,13,49,5,7,10,1,10,38,0,3,3,3,5,10,22,4,43,9,3,6,2,0,3,3,3,3,5,16,61,2,1,6,0,8,62,2,4,17,5,3,7,6,1,9,18,5,2
Austen,3,Mansfield Park,141,55,1700,29,9,0,7,69,3,0,18,12,19,14,9,7,0,2,2,2,1,13,4,16,2,14,58,8,4,18,3,1,16,3,0,6,6,2,8,12,2,55,6,2,4,0,0,1,10,1,1,2,19,85,3,3,8,1,3,66,4,0,50,17,7,11,7,3,0,15,8,1
Austen,3,Mansfield Park,141,56,1700,18,9,0,2,57,3,1,17,11,18,10,14,9,3,2,4,3,1,17,8,26,1,10,54,18,1,25,0,7,21,0,1,4,6,3,5,18,2,41,7,1,2,8,0,1,9,1,2,5,20,55,1,3,6,0,2,63,9,0,40,6,6,7,6,1,5,24,6,3
Austen,3,Mansfield Park,141,57,1700,23,11,0,4,68,0,4,13,12,11,10,15,4,0,4,0,2,5,18,4,28,1,10,36,16,4,27,1,7,26,4,2,6,6,0,6,17,10,43,8,5,2,3,1,6,12,6,4,5,20,59,4,4,4,1,8,54,2,0,40,8,8,8,8,2,2,17,6,0
Austen,3,Mansfield Park,141,58,1700,31,17,0,3,47,6,8,21,18,12,7,21,3,3,12,1,1,4,20,5,19,2,15,21,16,7,19,0,26,28,0,2,8,6,10,5,27,10,27,3,8,7,13,1,4,5,3,3,3,13,47,4,2,7,1,5,47,3,0,21,4,9,4,5,5,10,9,5,6
Austen,3,Mansfield Park,141,59,1700,27,7,0,3,47,3,9,20,3,13,2,18,4,4,4,0,2,3,15,4,13,5,20,47,12,7,34,1,18,20,1,1,11,4,12,7,23,7,51,10,4,2,7,0,3,9,2,9,7,20,58,1,5,5,0,10,55,1,1,15,8,13,5,5,3,10,8,13,15
Austen,3,Mansfield Park,141,60,1700,29,8,0,7,53,6,3,17,5,15,10,13,9,5,7,0,4,1,13,8,20,4,15,34,20,0,28,1,12,27,0,3,7,4,10,8,27,4,45,10,5,5,3,0,3,8,2,8,8,19,62,3,2,3,0,10,59,2,0,29,3,11,2,7,4,11,12,6,8
Austen,3,Mansfield Park,141,61,1700,21,13,1,2,51,4,2,14,14,18,4,13,1,1,6,2,4,2,19,8,17,1,13,40,22,3,31,0,4,30,2,4,3,5,9,8,16,6,40,5,2,3,10,0,0,14,2,5,6,22,51,7,0,9,2,3,71,3,2,42,8,14,7,3,5,2,13,19,1
Austen,3,Mansfield Park,141,62,1700,21,4,1,8,52,3,4,20,10,19,12,20,8,1,6,3,0,4,17,4,19,3,16,29,15,9,35,0,3,16,1,5,2,7,7,10,19,0,52,7,1,6,2,0,1,8,4,2,1,22,62,3,1,7,1,7,66,5,0,28,5,6,3,6,3,14,11,12,10
Austen,3,Mansfield Park,141,63,1700,30,4,0,6,48,3,6,18,6,12,9,14,5,4,6,3,5,4,18,6,14,5,22,21,20,1,25,1,19,17,0,1,10,9,14,13,16,5,38,15,4,2,3,0,2,9,3,6,5,24,25,2,0,6,0,11,69,2,1,20,3,9,3,9,1,2,13,5,16
Austen,3,Mansfield Park,141,64,1700,36,8,0,8,49,5,3,17,7,22,6,18,10,4,7,2,3,2,17,9,15,8,19,45,14,9,19,3,6,26,0,2,3,3,8,8,11,3,47,9,1,8,8,0,8,8,2,9,2,20,40,1,1,6,0,6,65,2,1,23,5,8,3,8,2,6,14,7,7
Austen,3,Mansfield Park,141,65,1700,27,12,0,3,53,2,4,22,14,16,4,13,5,1,2,0,1,2,12,7,26,1,10,50,14,2,27,1,7,24,3,0,5,8,1,9,26,6,51,5,1,0,8,0,4,13,2,5,3,28,53,3,1,5,0,6,56,0,2,48,5,5,5,12,9,0,14,13,0
Austen,3,Mansfield Park,141,66,1700,30,9,0,7,54,2,6,23,9,26,7,10,3,1,3,0,1,2,14,12,20,1,19,39,17,3,23,1,12,22,2,1,4,8,7,9,11,3,50,11,6,8,5,0,5,8,0,6,3,22,49,3,2,5,2,13,56,0,1,27,5,5,5,7,4,4,14,11,5
Austen,3,Mansfield Park,141,67,1700,31,11,0,2,55,4,1,20,15,14,9,8,9,1,2,2,0,6,15,11,27,2,9,36,27,3,28,4,4,29,1,0,5,3,1,3,15,1,43,13,6,3,12,0,0,10,1,6,8,23,57,2,3,5,2,2,50,0,3,39,10,9,5,9,2,4,18,4,2
Austen,3,Mansfield Park,141,68,1700,47,8,1,4,69,1,6,14,11,21,7,11,10,7,10,2,4,2,10,5,10,3,7,15,14,5,33,3,21,17,0,1,10,5,7,9,26,3,52,7,3,3,6,1,5,4,2,7,6,23,57,3,3,7,0,5,56,2,2,25,4,8,4,9,7,7,11,4,7
Austen,3,Mansfield Park,141,69,1700,23,9,0,5,40,6,5,20,12,26,8,16,13,11,8,0,1,1,18,7,19,3,21,18,13,6,16,1,14,33,1,2,4,7,7,7,25,3,48,6,7,2,3,1,3,5,2,9,4,28,39,0,1,4,2,5,58,1,1,19,5,9,2,8,6,5,8,2,10
Austen,3,Mansfield Park,141,70,1700,25,9,0,5,37,1,10,17,8,29,8,11,8,2,5,0,1,0,15,3,14,7,21,22,20,3,29,2,20,32,1,6,6,7,9,4,27,2,44,5,3,1,7,1,6,12,6,5,5,28,51,0,2,4,1,1,45,0,4,18,5,3,3,10,3,14,11,4,8
Austen,3,Mansfield Park,141,71,1700,27,17,0,4,53,4,3,20,8,25,8,12,7,3,5,1,2,3,15,5,20,2,19,35,12,3,26,2,3,21,0,1,7,9,4,5,17,4,47,11,3,2,4,0,6,12,1,5,6,23,56,3,3,7,0,5,65,0,0,34,11,5,3,6,1,2,17,2,7
Austen,3,Mansfield Park,141,72,1700,33,8,0,3,47,2,7,23,10,20,3,14,4,3,8,1,2,0,28,1,11,5,16,20,6,4,26,3,13,21,1,2,2,4,15,7,19,9,49,4,7,7,0,2,6,11,2,6,3,20,53,1,2,9,1,8,54,1,1,24,10,6,7,5,7,7,12,2,12
Austen,3,Mansfield Park,141,73,1700,25,5,0,3,58,9,1,23,10,13,14,13,6,1,6,1,1,2,19,3,22,4,12,29,18,3,25,2,8,32,3,2,7,8,5,1,25,3,46,7,4,2,7,1,5,12,7,3,6,27,50,2,6,10,0,7,46,0,0,42,9,5,6,5,5,6,9,6,9
Austen,3,Mansfield Park,141,74,1700,40,16,0,0,70,9,1,14,13,33,9,13,11,1,2,0,1,4,16,11,23,1,9,55,26,2,24,3,0,15,3,2,7,6,0,4,10,3,75,11,3,3,8,0,5,13,1,4,5,18,60,2,2,8,0,6,64,2,1,26,2,9,8,6,4,0,11,11,0
Austen,3,Mansfield Park,141,75,1700,28,10,0,10,68,2,0,17,16,23,5,7,10,0,1,0,1,4,25,8,20,0,4,37,10,1,27,4,2,18,1,0,5,6,2,8,18,0,62,3,4,3,4,0,2,8,2,4,2,19,77,12,2,7,1,6,72,2,1,31,10,2,9,11,0,7,17,14,1
Austen,3,Mansfield Park,141,76,1700,35,5,0,4,69,4,5,11,14,15,9,16,9,2,4,1,0,0,17,4,12,7,23,39,16,4,33,6,15,11,1,2,3,2,7,9,9,8,39,7,4,4,4,1,8,4,4,1,2,12,65,3,3,11,3,8,51,3,2,25,3,6,2,5,2,5,18,12,5
Austen,3,Mansfield Park,141,77,1700,37,18,1,9,74,1,2,15,16,13,7,13,4,0,3,3,1,3,23,10,24,1,11,42,12,4,24,2,4,13,0,0,8,4,1,3,19,5,51,5,4,6,5,0,3,8,7,6,5,13,78,5,1,9,3,2,54,6,2,31,9,1,4,7,4,1,8,2,1
Austen,3,Mansfield Park,141,78,1700,30,8,0,1,65,4,1,6,7,11,12,16,5,1,1,1,0,3,14,9,35,0,18,89,11,0,20,1,3,31,0,0,6,2,4,14,17,3,60,14,4,9,6,0,2,5,1,5,4,14,52,3,0,9,0,1,57,2,2,43,4,2,7,2,3,0,8,10,0
Austen,3,Mansfield Park,141,79,1700,30,10,0,3,60,10,0,18,20,13,4,9,10,0,4,0,0,4,24,16,11,4,11,45,8,2,33,1,5,13,4,4,1,1,2,14,11,4,56,7,4,4,6,0,2,4,4,5,2,17,69,5,3,7,1,2,59,1,2,36,19,2,7,9,1,8,15,3,5
Austen,3,Mansfield Park,141,80,1700,32,7,2,5,68,4,0,17,19,19,9,10,9,0,0,0,2,4,19,7,20,0,8,62,5,2,27,2,1,22,5,0,6,1,0,7,11,3,61,6,6,6,7,0,4,14,5,5,2,25,65,2,0,8,1,5,68,3,1,47,10,5,2,19,3,1,8,6,0
Austen,3,Mansfield Park,141,81,1700,41,11,0,7,55,4,0,18,18,15,12,6,7,0,3,3,4,0,17,7,35,0,9,22,28,1,30,2,2,17,1,0,11,5,0,6,17,5,51,7,0,3,13,0,2,8,7,5,8,19,74,4,4,5,1,6,63,3,7,46,13,4,2,7,3,0,14,9,0
Austen,3,Mansfield Park,141,82,1700,38,8,0,5,72,1,2,19,8,17,10,14,3,0,2,1,0,3,21,6,24,0,13,38,14,1,26,2,3,26,4,1,5,3,1,4,25,7,51,7,5,7,8,0,4,20,4,3,5,20,61,4,1,8,2,5,57,3,3,36,6,3,4,6,3,2,12,11,0
Austen,3,Mansfield Park,141,83,1700,30,7,0,5,49,6,1,18,8,35,2,6,4,3,8,3,2,1,24,8,6,2,17,19,10,12,22,4,13,21,2,4,8,4,11,7,27,2,46,12,3,5,7,0,2,13,0,3,7,17,52,4,0,4,1,6,68,1,0,22,7,5,5,7,2,9,10,13,11
Austen,3,Mansfield Park,141,84,1700,38,3,0,5,55,5,4,9,8,20,7,12,6,1,3,0,0,2,15,11,13,2,14,37,10,4,23,7,9,22,1,0,10,6,12,8,22,2,51,5,4,4,11,3,6,15,2,7,8,28,44,2,1,4,0,7,53,2,2,25,12,10,4,5,5,5,7,20,5
Austen,3,Mansfield Park,141,85,1700,28,8,0,10,45,4,14,18,8,25,6,17,3,4,7,0,3,3,14,6,7,2,16,39,8,5,20,1,27,24,0,7,5,5,18,5,27,2,62,9,1,5,3,2,6,5,2,2,8,20,42,3,0,9,1,8,55,5,1,15,6,7,3,2,2,12,5,4,2
Austen,3,Mansfield Park,141,86,1700,39,11,0,3,66,4,0,20,13,19,8,8,4,0,5,1,2,3,23,13,16,2,13,36,18,2,23,1,3,14,1,2,5,6,5,7,17,5,54,8,5,4,9,1,4,11,2,1,9,11,60,2,4,3,0,6,64,3,2,30,8,2,5,12,3,9,8,7,1
Austen,3,Mansfield Park,141,87,1700,26,7,1,2,52,9,5,14,10,26,16,14,4,1,3,1,4,1,12,14,28,2,16,51,7,5,23,3,7,30,2,2,6,5,9,8,14,8,62,7,3,3,8,0,2,13,3,6,3,21,54,0,0,11,1,6,70,1,3,41,7,8,10,6,3,3,10,6,1
Austen,3,Mansfield Park,141,88,1700,30,10,0,4,55,8,8,12,14,18,9,16,1,5,7,1,1,2,19,7,13,3,18,46,10,6,25,3,9,31,5,1,4,7,6,8,25,3,47,2,5,9,6,2,7,10,3,4,2,19,56,3,0,7,0,8,73,3,2,34,2,5,4,3,1,5,11,13,2
Austen,3,Mansfield Park,141,89,1700,38,8,0,3,48,1,0,18,6,24,5,7,8,1,3,0,8,5,14,10,12,0,11,41,8,4,17,1,11,47,1,8,3,5,4,8,22,4,53,4,2,3,5,1,1,11,2,11,1,10,68,0,1,14,1,7,67,2,2,34,10,5,3,5,4,2,10,11,3
Austen,3,Mansfield Park,141,90,1700,23,12,0,9,66,1,0,23,9,14,10,16,9,0,1,3,3,2,17,17,20,0,8,52,13,2,27,2,2,14,1,1,10,8,3,4,5,5,51,6,4,5,7,0,1,6,2,2,7,9,94,7,0,2,0,3,45,2,1,46,14,3,8,5,6,0,26,1,1
Austen,3,Mansfield Park,141,91,1700,30,11,0,4,50,3,0,15,8,29,20,17,11,0,1,0,3,2,15,14,34,0,7,41,29,3,32,1,1,20,4,0,1,8,0,6,17,3,48,14,5,3,5,0,2,6,4,3,4,17,68,1,1,3,0,8,68,1,2,39,4,8,3,10,7,0,24,13,0
Austen,3,Mansfield Park,141,92,1700,34,13,0,2,37,5,4,22,8,19,13,18,9,3,10,1,3,3,13,3,26,2,19,30,9,5,25,2,12,28,1,5,5,6,9,10,21,8,49,13,3,4,2,3,3,12,3,9,8,23,45,2,3,7,2,5,63,2,1,17,6,16,2,11,2,6,16,13,2
Austen,3,Mansfield Park,141,93,1700,27,8,2,3,60,7,1,17,10,14,25,15,8,2,1,0,0,2,18,7,37,3,20,12,33,1,33,5,2,26,3,2,7,7,3,4,13,2,60,10,0,4,6,2,0,10,3,6,7,26,55,11,2,4,0,7,62,2,1,40,3,8,3,8,4,3,10,7,2
Austen,3,Mansfield Park,141,94,1700,33,5,0,5,60,3,0,16,6,19,23,8,15,3,2,1,3,4,12,14,44,0,19,43,24,1,35,3,2,16,4,1,7,5,0,12,14,1,56,9,4,2,7,0,2,11,4,8,6,22,50,8,1,9,0,2,57,2,0,27,3,3,4,9,0,0,16,12,0
Austen,3,Mansfield Park,141,95,1700,34,9,0,9,71,6,0,22,10,15,13,9,10,1,1,0,3,5,21,5,31,1,6,45,16,0,31,0,4,18,0,2,6,7,0,14,11,3,77,14,6,3,9,0,6,11,2,7,4,17,75,6,1,7,0,4,64,0,0,19,3,6,4,10,4,0,16,2,0
Austen,4,Emma,158,1,1700,43,12,0,4,59,7,4,16,6,15,8,14,7,0,2,0,2,8,17,9,28,0,11,47,11,1,24,1,8,16,2,1,2,5,3,6,12,3,59,2,3,5,3,1,0,4,2,6,3,12,48,3,1,3,1,3,45,1,1,30,5,4,4,4,3,8,13,4,2
Austen,4,Emma,158,2,1700,51,11,0,1,57,9,4,9,8,21,6,18,7,2,10,0,1,8,20,5,6,5,23,18,6,11,20,0,18,31,0,4,6,11,10,7,23,3,27,5,11,9,4,0,2,16,5,5,4,19,32,4,1,3,2,7,55,4,2,10,7,7,7,3,6,4,9,10,7
Austen,4,Emma,158,3,1700,45,2,0,9,68,8,0,16,8,12,8,15,7,1,0,0,3,7,14,10,37,1,6,27,39,0,27,2,0,21,2,1,5,3,0,7,10,3,73,7,3,4,6,0,2,8,5,4,7,13,65,3,2,4,0,0,60,3,2,42,6,1,7,9,5,2,11,5,0
Austen,4,Emma,158,4,1700,55,8,0,11,83,7,0,10,10,13,6,11,7,1,1,0,0,9,17,10,20,0,3,37,16,0,32,4,0,12,2,0,1,3,0,9,9,3,68,5,4,2,6,0,2,10,2,9,0,10,69,2,1,4,1,1,37,1,3,40,9,3,0,10,5,3,21,9,0
Austen,4,Emma,158,5,1700,44,11,0,6,58,9,4,17,7,13,6,22,3,2,5,0,0,9,10,2,27,3,6,33,16,1,28,2,8,14,1,2,4,2,1,9,23,4,58,8,12,1,4,1,2,8,4,7,2,14,57,8,1,5,1,3,45,2,2,37,8,7,2,4,4,1,15,8,1
Austen,4,Emma,158,6,1700,36,7,0,4,44,9,7,25,10,43,6,19,5,5,9,0,1,3,10,2,12,4,14,9,19,7,25,2,32,16,0,5,6,7,4,12,33,2,38,3,3,3,6,1,8,15,5,4,0,21,34,3,1,10,0,3,54,4,0,13,3,10,3,7,3,8,22,8,7
Austen,4,Emma,158,7,1700,40,9,0,4,46,17,4,12,8,25,5,14,10,5,16,0,0,3,17,5,10,4,18,32,5,5,13,0,8,20,1,7,5,6,2,3,27,2,44,9,2,7,6,1,4,7,4,8,5,19,47,1,2,6,0,3,54,2,2,14,8,4,1,5,2,14,13,8,6
Austen,4,Emma,158,8,1700,45,9,0,6,36,10,3,11,11,24,6,15,1,3,10,0,0,1,13,5,13,9,20,39,3,5,25,0,16,26,2,2,7,0,10,11,32,1,56,7,7,2,7,0,3,12,3,5,3,13,41,1,0,7,0,3,47,3,0,13,3,10,2,11,1,12,14,10,9
Austen,4,Emma,158,9,1700,36,6,0,4,64,11,4,21,9,19,8,20,3,1,6,2,0,10,11,3,14,3,14,18,8,3,32,0,16,36,3,1,4,11,19,11,22,1,56,8,7,7,5,0,2,11,1,6,5,11,71,0,4,11,0,2,50,1,0,35,5,1,2,4,3,1,11,15,1
Austen,4,Emma,158,10,1700,45,4,0,6,41,6,7,24,8,16,11,18,4,4,22,2,1,2,16,3,15,0,23,10,6,9,15,1,16,35,1,2,2,9,6,17,34,4,38,4,4,1,3,0,7,13,2,4,4,13,45,0,1,4,0,8,58,4,1,18,5,15,1,5,1,9,18,14,11
Austen,4,Emma,158,11,1700,36,7,0,6,56,3,8,8,10,17,4,17,5,4,9,1,1,6,17,2,9,5,15,32,18,8,19,0,24,23,1,4,6,3,13,4,17,1,38,1,4,2,5,2,7,11,6,4,4,16,37,2,2,4,0,9,52,3,3,22,1,6,0,2,6,14,11,12,8
Austen,4,Emma,158,12,1700,44,11,0,5,44,12,11,27,6,23,5,9,6,4,7,0,2,1,15,4,12,6,18,42,11,5,26,2,38,24,0,6,2,2,5,11,30,3,40,5,3,3,3,0,5,11,2,4,5,26,35,1,4,3,0,8,65,3,2,10,1,7,0,3,2,5,13,9,8
Austen,4,Emma,158,13,1700,37,7,0,3,57,8,4,18,12,25,6,20,2,4,4,1,0,2,13,2,19,5,15,30,15,6,22,1,18,18,2,6,6,4,6,7,23,4,47,6,2,4,4,0,0,13,1,11,10,24,34,1,1,4,0,2,59,1,2,20,4,8,4,6,2,9,20,6,3
Austen,4,Emma,158,14,1700,36,7,0,4,65,7,4,15,11,23,1,13,6,6,6,0,1,1,15,4,15,0,6,19,15,0,22,3,12,35,3,3,6,5,13,5,19,2,43,8,5,8,10,0,4,7,2,1,7,20,75,4,2,6,1,6,52,2,2,26,3,7,2,9,3,3,9,6,3
Austen,4,Emma,158,15,1700,36,12,0,5,52,9,9,11,6,28,3,10,10,4,9,4,1,7,11,1,5,6,20,7,8,8,24,5,25,42,6,3,6,9,10,5,25,1,29,8,5,2,6,4,4,18,1,3,3,19,54,2,2,8,2,12,51,1,2,12,3,5,4,10,2,13,4,3,8
Austen,4,Emma,158,16,1700,32,9,0,3,44,4,12,17,11,21,3,22,2,8,6,2,1,3,14,5,8,1,16,13,22,8,15,1,28,34,0,2,1,7,12,4,24,2,37,7,3,6,6,1,3,12,1,5,1,16,61,6,7,9,1,5,45,5,0,18,7,4,3,5,3,12,16,5,3
Austen,4,Emma,158,17,1700,33,12,0,8,61,6,7,33,8,31,4,18,2,7,14,1,0,8,12,7,8,4,6,17,2,12,20,2,23,23,0,4,3,6,9,7,23,5,50,6,9,7,6,1,7,21,1,5,2,15,54,5,4,9,0,5,53,2,0,8,9,4,2,5,3,9,12,5,1
Austen,4,Emma,158,18,1700,34,9,1,4,71,11,1,8,9,13,13,17,12,0,5,1,2,4,19,5,19,0,12,33,19,2,36,6,2,23,0,0,7,5,2,3,22,3,55,7,3,2,11,0,2,7,4,3,2,15,70,6,4,3,0,10,51,2,0,32,13,1,4,8,5,3,10,8,2
Austen,4,Emma,158,19,1700,30,7,1,2,58,7,5,19,7,18,10,18,2,3,6,1,0,4,10,5,13,5,11,16,17,6,24,1,20,30,0,2,2,6,11,4,23,3,43,7,7,2,8,4,5,6,1,1,3,21,54,1,2,9,1,2,39,5,4,23,4,7,4,2,3,3,14,5,4
Austen,4,Emma,158,20,1700,37,8,0,6,45,9,10,16,11,13,10,18,5,1,6,0,1,5,10,5,10,7,24,10,10,7,16,1,24,21,1,0,6,5,24,5,30,3,46,4,6,5,9,3,3,14,5,5,3,23,51,4,2,4,0,3,45,1,2,9,12,2,2,4,2,6,9,2,5
Austen,4,Emma,158,21,1700,38,8,1,6,58,4,0,17,16,21,9,16,7,1,3,0,1,4,11,5,20,0,11,25,14,7,21,1,13,30,1,3,4,3,9,6,20,2,47,9,7,5,2,3,7,5,1,5,8,14,56,5,2,8,0,8,61,0,2,19,7,9,5,2,1,6,17,7,4
Austen,4,Emma,158,22,1700,39,6,0,5,60,7,8,14,16,10,2,16,8,4,8,1,0,3,10,7,11,4,6,18,20,6,31,4,12,17,1,2,6,6,4,5,27,1,52,4,3,4,6,0,5,11,2,9,8,13,53,7,0,5,0,7,68,5,1,18,8,8,7,9,1,7,21,3,5
Austen,4,Emma,158,23,1700,35,7,0,4,54,7,3,16,9,18,11,14,8,4,0,1,3,5,16,9,18,2,10,30,16,2,19,2,9,21,1,2,4,6,8,5,23,3,57,5,5,5,2,2,2,14,4,8,3,21,55,4,0,3,1,8,49,3,1,39,2,3,6,10,2,7,16,8,1
Austen,4,Emma,158,24,1700,29,3,0,5,38,12,9,16,13,36,9,21,6,3,8,1,2,6,13,8,6,9,10,12,20,6,22,3,18,29,1,6,6,9,9,8,18,3,53,10,10,3,3,0,7,14,4,3,1,21,60,4,4,7,0,5,67,0,9,10,2,5,4,4,3,7,12,7,4
Austen,4,Emma,158,25,1700,23,10,0,8,61,6,3,11,16,22,3,12,4,2,5,0,0,7,22,6,18,0,5,28,19,6,26,3,6,18,4,0,3,5,5,8,23,3,40,11,2,2,5,0,6,6,8,5,3,20,70,6,3,13,0,4,63,2,0,31,10,3,2,3,3,6,16,7,6
Austen,4,Emma,158,26,1700,23,9,0,4,49,8,3,20,6,17,18,19,4,4,0,1,0,6,17,4,15,3,30,26,15,7,20,4,10,24,1,0,8,2,9,13,18,2,61,5,3,7,6,0,4,9,2,11,4,17,48,4,2,6,0,12,64,1,2,20,4,3,4,6,3,2,9,10,8
Austen,4,Emma,158,27,1700,19,9,0,3,60,12,2,17,11,17,15,22,2,0,2,1,0,5,20,3,34,0,16,34,30,5,29,2,3,20,2,0,7,6,0,11,18,1,57,6,2,1,12,0,7,13,4,5,3,23,54,2,2,6,2,3,69,3,2,30,5,7,0,5,2,2,15,7,0
Austen,4,Emma,158,28,1700,28,21,0,8,63,8,1,19,15,15,6,12,4,0,2,0,1,3,20,6,12,0,9,48,13,3,41,1,0,19,2,0,11,6,0,5,17,2,63,7,4,2,8,0,5,10,2,7,8,20,72,6,2,4,0,4,65,1,0,32,2,1,1,6,1,0,19,7,0
Austen,4,Emma,158,29,1700,36,11,0,6,46,6,11,20,15,30,7,19,10,16,15,1,0,3,12,2,4,8,26,5,26,11,25,2,21,32,0,7,4,4,2,8,27,1,53,7,4,1,5,1,4,7,3,5,4,25,40,8,2,6,0,7,68,5,4,2,1,11,1,1,8,7,6,26,7
Austen,4,Emma,158,30,1700,25,12,0,2,60,5,7,24,7,16,9,11,4,5,5,0,2,8,18,13,21,1,9,17,8,4,20,0,21,30,1,3,4,7,15,4,15,3,41,6,3,5,4,0,1,20,3,5,1,20,50,5,1,6,0,3,59,1,3,22,6,7,6,5,5,8,12,3,2
Austen,4,Emma,158,31,1700,19,5,0,3,45,8,4,18,15,20,6,18,3,4,8,0,0,4,14,10,11,7,11,44,5,6,16,1,26,25,1,1,1,7,11,7,27,3,40,4,1,2,9,0,9,28,2,3,6,21,39,5,1,3,3,3,64,0,3,17,3,6,3,6,0,9,11,4,0
Austen,4,Emma,158,32,1700,25,8,0,8,66,6,0,12,7,26,14,13,10,1,1,0,0,7,16,10,38,0,6,52,9,0,16,1,2,15,1,0,6,7,0,4,16,5,57,9,3,6,6,0,3,9,2,10,7,18,66,10,2,6,0,7,47,3,0,37,7,5,4,10,3,1,19,5,0
Austen,4,Emma,158,33,1700,36,8,0,6,53,10,6,18,13,15,11,12,6,2,6,0,0,4,12,8,25,1,9,39,10,8,18,5,18,26,3,0,9,6,9,12,22,5,42,9,8,5,12,0,1,12,1,4,8,15,42,2,2,5,0,2,42,1,1,36,8,6,2,10,1,2,10,3,0
Austen,4,Emma,158,34,1700,41,4,0,4,41,4,9,14,9,18,10,15,3,1,8,4,1,2,16,2,15,6,18,8,4,5,15,1,34,27,0,2,3,3,24,10,26,2,22,7,5,4,4,5,2,14,3,6,4,25,30,0,1,8,0,5,37,1,0,17,3,5,6,2,5,8,9,8,2
Austen,4,Emma,158,35,1700,23,8,0,6,73,7,1,23,8,12,10,19,10,2,10,1,1,2,10,5,26,1,9,23,2,4,26,1,6,26,2,1,2,5,1,2,24,4,39,6,3,5,9,0,5,16,4,6,3,13,54,3,4,7,0,3,59,4,2,40,2,12,4,5,4,0,8,10,0
Austen,4,Emma,158,36,1700,30,12,1,8,53,2,0,8,15,28,18,14,14,0,1,2,1,6,15,3,31,0,7,31,19,2,26,2,0,16,1,0,3,5,0,8,12,3,68,5,1,6,7,0,1,12,5,1,3,20,87,1,0,4,0,2,60,1,0,45,2,6,7,7,6,0,10,15,0
Austen,4,Emma,158,37,1700,48,12,0,3,56,2,3,16,15,16,8,12,8,1,5,0,2,3,7,2,19,2,12,17,22,3,25,1,6,23,0,1,4,6,3,5,15,5,43,10,7,3,6,0,5,15,2,5,2,18,68,5,1,8,0,5,53,2,3,36,14,3,6,5,1,3,13,5,3
Austen,4,Emma,158,38,1700,36,9,1,4,36,9,5,18,13,25,2,11,4,2,5,0,1,6,16,9,13,2,7,31,26,7,22,0,11,19,2,2,4,7,9,6,15,3,51,12,2,3,8,0,7,3,2,3,5,15,51,6,1,8,1,3,62,2,4,20,8,5,4,4,3,7,24,4,1
Austen,4,Emma,158,39,1700,31,7,0,4,50,8,0,11,16,18,11,14,3,2,7,3,1,7,9,3,21,1,9,18,7,6,24,2,10,19,4,4,2,7,8,7,16,4,58,9,6,1,5,1,2,9,2,6,2,23,77,3,1,9,0,4,47,0,3,25,17,4,4,7,3,6,7,9,7
Austen,4,Emma,158,40,1700,41,10,0,8,45,5,2,10,7,22,5,20,9,2,4,0,1,2,13,8,9,1,17,23,19,6,29,0,10,27,2,2,9,9,2,12,26,0,46,5,15,7,9,0,2,12,4,7,12,21,44,6,2,12,0,4,60,2,0,33,9,5,0,9,4,0,14,9,0
Austen,4,Emma,158,41,1700,19,3,0,4,49,8,5,17,13,31,6,19,2,1,6,0,1,7,21,4,19,0,13,20,8,11,18,2,8,26,0,1,4,9,7,12,28,1,42,13,1,4,1,1,9,8,1,1,4,20,57,20,1,8,0,6,46,7,2,19,5,7,4,5,1,17,14,20,6
Austen,4,Emma,158,42,1700,29,6,0,8,43,9,9,19,10,22,8,15,8,3,10,0,2,1,16,9,16,4,11,27,11,4,15,2,18,30,1,3,6,4,1,4,26,6,56,6,4,3,7,3,6,8,2,1,7,25,61,6,0,7,1,7,59,1,1,25,8,4,3,6,8,0,13,5,2
Austen,4,Emma,158,43,1700,26,5,0,7,65,4,1,17,10,12,11,18,8,3,5,0,3,3,8,7,18,0,12,28,12,6,28,0,5,30,1,1,6,7,4,6,20,2,55,9,5,4,6,0,4,9,4,0,3,33,84,3,2,8,2,3,44,0,4,28,13,5,5,7,2,0,8,9,3
Austen,4,Emma,158,44,1700,34,9,0,6,49,5,1,17,11,16,9,17,5,3,18,0,0,3,19,6,8,7,25,25,17,5,12,4,15,33,3,4,7,7,12,13,28,4,34,7,4,2,3,0,3,17,0,9,4,16,38,3,1,2,1,5,55,1,1,14,4,4,1,0,2,2,4,22,1
Austen,4,Emma,158,45,1700,27,9,1,6,55,3,3,10,13,15,3,14,8,1,4,2,3,4,12,7,14,1,18,41,9,4,27,1,11,26,0,0,7,8,3,14,16,2,46,11,5,6,1,1,3,4,2,4,4,22,68,0,3,5,3,6,52,3,0,28,8,1,2,5,2,1,9,14,1
Austen,4,Emma,158,46,1700,21,6,0,4,41,7,5,10,18,21,0,17,6,3,15,2,2,2,6,3,11,1,10,20,1,16,16,3,19,32,1,3,5,2,12,16,17,2,25,5,5,4,4,1,8,8,1,4,3,16,57,2,6,7,0,2,60,0,1,12,5,6,4,0,1,11,18,10,4
Austen,4,Emma,158,47,1700,28,10,0,3,47,7,5,17,14,19,6,15,4,4,7,2,0,4,14,8,19,1,15,19,9,2,13,1,12,18,0,1,5,3,5,3,30,2,35,5,7,5,3,5,5,18,4,4,7,16,60,2,2,5,0,7,39,0,0,29,6,6,3,1,1,5,8,11,4
Austen,4,Emma,158,48,1700,24,11,1,3,43,10,6,8,13,18,6,12,3,8,18,0,0,4,15,7,8,3,20,11,7,10,21,1,19,29,0,3,4,8,4,8,24,6,27,6,10,3,2,1,3,17,2,2,0,9,53,2,0,3,0,6,53,3,1,19,3,4,6,3,3,8,8,7,11
Austen,4,Emma,158,49,1700,35,6,0,6,53,4,6,8,18,40,8,17,2,6,11,0,1,3,20,3,8,2,9,3,8,6,23,1,11,43,2,2,0,3,5,9,27,2,49,6,6,4,1,0,2,9,0,5,8,24,81,2,2,9,1,5,40,6,3,18,7,5,3,4,4,12,10,18,5
Austen,4,Emma,158,50,1700,30,11,0,2,50,9,6,13,15,33,3,15,5,6,11,1,2,4,19,4,6,1,6,13,6,13,17,1,16,32,3,1,2,7,6,5,32,3,35,5,7,2,6,6,1,11,3,2,4,12,75,6,1,6,1,6,42,2,2,24,6,8,4,5,1,17,2,7,5
Austen,4,Emma,158,51,1700,28,9,0,1,42,7,5,12,16,26,11,13,6,5,8,2,1,11,17,5,17,2,11,21,18,6,21,1,9,42,1,3,7,11,8,4,24,2,39,4,4,4,2,2,0,12,1,3,3,22,46,2,2,6,1,13,61,2,1,40,2,5,7,2,4,7,6,10,5
Austen,4,Emma,158,52,1700,23,10,0,0,61,6,3,15,9,20,11,14,2,3,12,1,1,9,21,5,21,0,13,33,27,6,31,2,9,33,2,1,7,7,8,6,28,6,58,9,1,3,4,0,2,7,4,3,6,20,59,6,1,3,2,5,48,2,5,42,8,3,6,6,1,5,8,7,1
Austen,4,Emma,158,53,1700,41,14,0,7,51,3,3,13,11,22,8,15,6,2,6,0,0,3,18,6,13,3,15,26,6,2,20,1,21,27,1,1,4,2,10,8,32,2,43,4,6,3,7,0,2,7,0,4,4,18,59,0,2,8,0,4,55,2,1,30,8,8,4,6,5,4,11,12,4
Austen,4,Emma,158,54,1700,45,2,0,4,37,10,13,16,11,22,7,16,1,4,5,0,0,2,14,6,8,8,15,7,1,1,26,4,15,30,2,2,8,5,14,10,22,3,57,5,2,3,3,3,4,10,2,3,7,21,53,5,1,4,1,6,49,6,3,17,2,3,9,4,7,8,12,11,4
Austen,4,Emma,158,55,1700,40,5,1,2,65,6,2,11,6,21,7,16,5,1,10,0,2,2,7,4,17,3,10,43,2,4,14,2,20,16,1,1,3,9,12,6,25,1,31,8,6,1,4,0,5,14,1,8,2,17,42,3,0,6,0,5,63,1,4,21,9,4,4,5,4,7,14,5,4
Austen,4,Emma,158,56,1700,34,7,0,3,41,10,7,16,11,18,4,16,8,8,2,0,0,1,15,2,7,2,26,46,3,5,22,3,20,16,0,10,5,7,10,4,20,3,46,7,3,2,6,3,6,6,6,8,10,17,49,1,0,5,1,6,51,1,3,16,5,10,2,4,5,6,21,5,1
Austen,4,Emma,158,57,1700,29,5,0,2,50,4,2,6,16,25,5,11,6,4,7,0,3,3,19,5,12,3,15,35,15,4,34,1,10,20,2,0,8,7,6,10,29,5,38,5,4,3,6,0,5,8,2,1,12,16,61,5,0,2,1,7,50,1,2,26,9,6,2,6,3,5,20,12,2
Austen,4,Emma,158,58,1700,34,6,1,6,50,10,19,17,7,14,1,14,9,6,14,1,2,5,11,4,9,3,15,8,9,7,12,1,24,28,0,2,3,12,19,9,29,6,38,3,8,0,3,5,5,6,4,8,6,24,56,3,2,5,0,7,51,1,2,10,4,2,7,2,2,5,5,2,14
Austen,4,Emma,158,59,1700,32,9,1,4,33,16,10,15,8,23,2,23,5,3,11,0,3,2,13,3,14,0,19,12,5,5,28,2,16,18,0,6,4,7,14,8,26,1,46,9,4,3,8,0,5,4,4,4,3,20,58,2,1,5,0,5,57,2,0,13,3,3,3,1,3,6,10,13,8
Austen,4,Emma,158,60,1700,37,6,0,5,42,4,5,15,6,14,15,14,6,0,8,0,1,5,9,7,13,4,24,21,17,4,32,2,24,35,0,1,1,5,12,5,27,5,36,8,3,4,3,0,1,10,1,4,3,13,43,0,2,4,0,7,62,5,3,24,3,9,4,3,5,14,12,11,2
Austen,4,Emma,158,61,1700,35,6,0,5,49,3,7,6,9,28,7,16,5,3,9,3,2,3,18,6,6,13,22,12,11,5,28,2,30,21,0,11,8,5,9,5,20,2,41,4,9,3,8,2,2,9,3,4,8,26,45,5,0,11,3,5,51,1,1,18,4,2,7,10,4,7,13,10,8
Austen,4,Emma,158,62,1700,35,7,0,7,41,4,1,22,17,25,11,13,3,1,2,1,1,3,18,8,26,1,8,21,19,8,26,1,7,27,1,3,2,5,3,8,32,3,48,5,2,3,6,0,3,6,2,3,8,22,56,2,1,6,0,5,64,0,2,50,11,3,2,3,4,0,10,13,4
Austen,4,Emma,158,63,1700,33,5,0,2,46,5,8,13,7,17,5,17,14,1,17,0,0,2,12,1,10,0,15,23,8,2,12,2,10,15,1,3,1,10,11,7,24,2,34,6,3,1,5,3,3,16,2,7,1,17,53,2,1,7,1,6,49,1,5,29,12,4,1,4,7,2,7,3,2
Austen,4,Emma,158,64,1700,25,5,1,7,53,4,10,12,8,18,3,13,9,1,11,2,1,6,13,2,20,2,7,31,18,8,17,3,6,17,0,0,7,7,7,7,32,0,31,3,3,3,1,2,2,9,2,3,9,15,45,3,4,6,1,8,57,4,2,41,14,6,3,9,6,3,16,11,1
Austen,4,Emma,158,65,1700,32,11,2,3,56,4,10,10,11,17,7,13,7,2,4,0,0,4,11,3,19,4,6,22,7,3,16,3,15,19,2,1,3,5,6,5,23,2,43,14,6,2,0,0,2,9,5,6,4,13,57,3,1,11,0,6,41,4,1,24,11,2,3,6,5,7,14,4,10
Austen,4,Emma,158,66,1700,39,8,0,5,67,3,2,19,10,9,7,12,7,1,7,1,1,3,12,3,31,0,15,37,11,4,30,1,6,32,2,1,9,3,4,13,22,5,39,6,3,1,4,0,4,5,2,5,5,15,65,5,3,3,1,9,55,0,0,30,6,8,2,5,1,3,13,6,3
Austen,4,Emma,158,67,1700,24,12,0,9,59,6,3,10,11,19,5,16,4,4,11,3,0,2,10,9,11,2,11,15,13,2,21,2,16,57,2,1,9,2,11,9,22,7,45,5,5,2,6,1,4,15,4,6,2,16,41,1,4,7,2,11,60,4,2,31,5,3,4,4,1,6,4,8,11
Austen,4,Emma,158,68,1700,34,5,1,2,47,4,2,18,15,12,6,10,4,1,3,0,1,3,13,8,27,0,14,13,17,5,18,2,11,51,0,0,2,8,6,6,17,3,45,10,5,2,5,0,5,5,3,3,2,11,45,7,3,8,0,6,54,6,1,31,10,9,6,12,8,4,16,2,3
Austen,4,Emma,158,69,1700,35,6,3,7,58,6,3,14,5,26,5,10,6,3,5,0,3,8,14,5,17,0,9,33,12,1,18,2,10,37,2,1,3,7,3,7,24,2,46,4,4,3,3,0,3,11,5,7,4,22,61,1,0,4,0,3,66,2,0,30,6,5,1,14,2,5,15,8,3
Austen,4,Emma,158,70,1700,33,15,0,4,72,7,10,16,11,26,5,7,6,5,2,4,0,6,16,2,10,0,14,9,8,7,21,1,17,26,4,5,3,3,11,11,16,3,33,8,8,4,6,1,5,6,3,6,4,13,52,1,1,7,1,6,72,2,2,22,5,6,3,6,2,14,15,7,6
Austen,4,Emma,158,71,1700,35,13,1,6,62,4,4,11,16,20,10,12,5,2,2,0,2,5,10,6,19,0,9,17,9,2,35,1,4,29,3,1,6,4,3,9,15,6,46,5,2,7,4,0,2,5,6,5,4,11,77,2,0,5,0,5,60,0,0,37,9,4,6,9,4,2,16,10,1
Austen,4,Emma,158,72,1700,33,15,0,7,61,6,7,13,12,30,4,15,8,2,6,2,1,7,11,4,20,0,10,19,8,5,27,3,5,20,0,5,5,3,7,8,21,2,46,6,2,3,6,1,6,7,8,7,3,14,47,3,1,7,0,1,47,2,1,25,13,2,6,5,3,15,10,4,3
Austen,4,Emma,158,73,1700,27,15,0,8,36,9,14,13,10,24,2,15,5,8,11,0,0,5,12,6,6,2,12,15,3,3,18,1,20,29,1,3,1,6,15,8,26,2,40,7,10,8,12,1,3,7,4,3,3,16,27,2,2,5,7,2,52,1,3,8,7,10,5,3,8,17,9,5,7
Austen,4,Emma,158,74,1700,27,7,0,2,48,9,4,12,11,21,6,14,7,4,6,3,3,3,14,6,16,2,14,45,5,6,34,2,10,24,1,0,10,8,5,11,21,4,42,6,5,3,4,0,5,13,3,3,4,9,59,2,3,7,0,5,47,3,2,28,13,8,4,2,2,7,12,7,9
Austen,4,Emma,158,75,1700,30,12,0,1,53,8,9,18,7,20,5,19,0,2,3,3,2,5,8,5,14,5,13,35,0,4,13,2,22,38,0,4,3,9,5,7,27,6,24,5,5,3,3,1,3,11,1,13,1,19,44,1,2,8,0,3,45,3,7,21,10,5,7,1,1,14,11,14,3
Austen,4,Emma,158,76,1700,31,14,0,4,57,4,2,12,11,21,15,16,5,0,4,0,0,5,5,9,29,3,12,33,19,5,14,1,10,36,0,0,7,7,6,7,17,6,40,10,3,2,5,0,3,11,3,3,5,18,50,0,1,3,1,6,59,2,1,30,5,9,5,7,1,6,15,14,0
Austen,4,Emma,158,77,1700,25,15,1,8,55,14,0,7,14,23,5,16,7,4,6,0,4,4,15,8,13,1,11,50,9,2,21,3,4,25,3,0,7,3,1,11,18,6,39,14,4,6,5,0,2,8,3,5,5,28,57,3,1,2,0,7,65,0,1,40,8,5,3,5,4,3,17,16,0
Austen,4,Emma,158,78,1700,30,5,0,6,39,6,7,15,10,20,10,7,5,5,10,0,4,2,6,3,7,14,13,20,10,2,24,1,23,42,2,6,6,4,12,7,32,4,38,13,3,3,2,3,4,10,5,4,4,30,27,0,4,6,1,14,58,2,3,17,5,16,4,6,1,9,15,1,6
Austen,4,Emma,158,79,1700,38,10,0,5,56,6,3,13,10,17,21,14,3,1,3,0,1,3,16,9,22,1,32,27,18,4,28,1,6,23,3,9,1,7,5,6,18,8,48,17,8,4,3,0,3,4,1,9,2,28,52,4,1,6,1,10,47,0,1,20,4,6,3,10,1,0,19,9,3
Austen,4,Emma,158,80,1700,22,4,0,4,31,11,3,17,11,18,12,16,10,2,8,1,2,5,10,2,26,2,18,21,2,11,17,2,7,33,1,3,6,5,5,7,29,6,34,6,4,0,4,0,17,13,5,2,7,34,48,0,3,5,2,5,53,1,2,30,4,10,6,4,6,1,12,6,8
Austen,4,Emma,158,81,1700,29,10,0,2,43,4,0,13,10,18,19,13,11,0,1,0,2,11,17,15,50,0,8,57,15,1,25,2,2,19,0,1,9,6,0,2,16,5,56,15,3,4,7,0,3,7,2,7,7,28,71,1,0,2,0,8,63,0,0,25,7,1,9,9,4,2,14,4,1
Austen,4,Emma,158,82,1700,25,10,0,8,53,5,0,11,12,29,13,13,7,0,3,0,4,8,20,8,48,0,7,49,14,6,27,0,0,29,2,0,3,6,0,9,18,4,55,7,5,4,7,0,3,9,0,6,4,20,53,4,1,2,1,5,71,1,0,26,9,3,5,6,6,0,14,16,0
Austen,4,Emma,158,83,1700,20,18,1,6,48,4,3,11,10,31,20,10,6,4,4,0,4,9,17,8,32,3,17,42,6,8,18,2,7,20,0,1,8,11,6,10,17,4,49,11,5,6,8,0,2,8,2,4,2,31,69,3,5,4,0,5,59,2,0,26,8,8,4,17,1,4,10,10,1
Austen,4,Emma,158,84,1700,51,10,0,3,53,4,6,17,13,22,9,13,6,4,5,0,3,3,25,6,16,6,22,24,21,4,30,3,8,19,0,4,9,8,9,12,16,2,38,7,5,4,2,0,0,3,2,8,6,24,48,3,0,5,1,4,52,1,0,29,7,5,3,4,2,9,15,2,8
Austen,4,Emma,158,85,1700,29,11,1,5,32,8,7,28,7,16,16,12,4,2,2,0,3,3,13,11,39,1,15,35,20,8,23,1,9,24,1,6,9,3,5,17,21,3,43,5,4,6,10,0,3,6,0,5,2,18,54,1,4,6,0,6,65,2,0,21,1,9,1,9,0,6,12,7,2
Austen,4,Emma,158,86,1700,29,9,0,10,49,11,2,10,6,20,9,13,12,1,3,1,4,6,16,12,16,1,21,30,4,4,29,3,3,25,1,1,5,11,17,3,16,4,57,9,4,5,6,0,2,8,4,6,2,19,70,1,4,1,0,4,61,1,0,28,3,9,6,8,2,11,14,6,6
Austen,4,Emma,158,87,1700,23,9,0,3,43,7,0,24,8,13,9,17,10,3,1,0,3,4,10,12,12,4,28,44,0,4,20,1,6,23,4,2,1,8,28,3,23,4,43,10,2,1,2,2,5,8,1,7,1,25,61,0,4,3,1,5,65,1,1,24,5,6,5,10,2,7,22,9,1
Austen,4,Emma,158,88,1700,41,11,0,0,44,4,3,11,9,14,10,12,6,2,4,0,2,4,11,2,19,1,21,17,25,4,24,0,11,31,1,1,5,10,11,7,22,2,55,5,9,2,3,2,6,8,1,4,8,18,52,2,2,5,0,8,63,0,0,27,6,8,4,3,1,7,16,8,3
Austen,4,Emma,158,89,1700,35,6,0,4,39,10,0,17,18,33,10,19,5,0,2,0,4,6,11,6,26,2,7,44,16,1,32,1,5,39,0,1,5,11,1,7,16,7,68,8,4,5,4,0,6,9,2,10,4,17,53,6,0,6,0,9,66,2,0,33,1,0,3,13,1,3,14,14,1
Austen,4,Emma,158,90,1700,38,9,0,5,45,3,4,15,11,12,5,15,3,2,10,0,0,5,15,9,12,2,20,26,7,6,14,2,26,21,0,2,3,2,17,9,30,2,34,10,4,4,2,5,4,14,5,3,3,16,49,1,0,9,3,9,54,3,6,23,2,8,5,7,2,5,9,6,4
Austen,4,Emma,158,91,1700,26,16,0,5,42,5,8,17,14,26,9,13,12,4,11,0,6,2,15,5,8,4,25,18,6,5,17,1,14,32,0,1,8,7,15,13,27,2,37,8,6,1,1,4,8,13,0,6,6,26,38,1,1,5,0,4,63,0,1,18,5,7,3,6,3,12,11,12,3
Austen,4,Emma,158,92,1700,26,13,0,3,40,6,0,20,11,24,4,18,11,2,5,1,3,6,11,9,14,1,12,25,11,8,23,3,7,37,0,2,7,7,10,10,31,3,37,14,6,4,6,2,7,18,4,4,4,28,51,3,2,4,0,2,61,1,2,40,4,5,7,8,4,4,12,15,9
Austen,4,Emma,158,93,1700,27,14,0,8,55,6,3,14,9,15,8,18,9,3,4,2,3,3,12,5,12,5,7,23,13,2,29,0,11,39,3,2,6,6,7,7,24,5,36,14,9,5,5,3,1,4,3,4,5,21,55,6,3,6,0,6,45,1,1,26,9,3,6,8,2,8,14,14,4
Austen,4,Emma,158,94,1700,29,7,1,3,52,4,7,10,9,20,6,16,1,4,7,1,0,3,17,4,15,4,11,36,7,1,33,0,10,14,2,4,6,4,5,10,19,10,50,5,2,0,7,1,1,10,6,8,6,18,50,2,2,8,3,6,61,2,2,33,5,6,4,8,1,0,14,10,3
Austen,4,Emma,158,95,1700,31,7,0,8,53,2,2,15,12,19,17,12,4,6,4,0,1,4,27,5,29,2,13,38,9,5,29,3,11,24,2,1,2,4,6,9,18,5,38,7,2,4,4,3,3,11,2,11,2,21,70,1,1,3,0,8,55,2,0,28,4,5,2,7,4,3,19,7,4
Austen,5,Northanger Abbey,121,1,1700,46,12,0,3,68,9,4,15,13,11,4,8,10,1,0,1,5,0,22,10,16,3,6,61,3,3,30,3,8,14,1,2,7,3,0,11,19,2,48,9,8,1,7,0,4,8,1,3,3,17,64,5,2,5,1,3,48,2,3,40,11,7,4,6,8,3,8,1,0
Austen,5,Northanger Abbey,121,2,1700,34,10,0,5,45,5,3,19,16,11,2,9,13,2,5,1,2,4,15,9,12,1,5,46,1,2,23,5,11,19,1,1,7,6,8,10,11,3,61,10,4,1,7,1,4,11,6,6,5,16,76,6,2,7,1,7,48,1,1,24,12,5,7,6,2,6,14,8,0
Austen,5,Northanger Abbey,121,3,1700,44,2,0,5,40,1,11,10,10,22,12,11,14,3,7,3,0,8,15,3,14,6,20,18,9,6,27,1,14,26,1,3,6,4,10,6,18,7,40,7,7,2,7,2,5,9,8,3,7,10,49,4,3,4,1,7,45,1,1,26,7,7,5,7,5,5,16,3,9
Austen,5,Northanger Abbey,121,4,1700,42,6,0,3,63,3,5,20,12,17,7,13,5,2,1,4,0,4,17,4,25,2,5,29,4,2,25,0,16,14,2,0,6,1,3,7,15,4,58,12,3,3,3,1,5,7,0,4,6,17,76,14,3,3,1,7,43,1,1,25,9,6,5,6,5,3,22,4,3
Austen,5,Northanger Abbey,121,5,1700,28,3,0,6,54,5,9,16,7,19,12,9,10,4,4,2,0,7,17,8,11,1,16,19,4,4,41,3,11,24,6,0,4,6,3,9,21,5,68,4,4,6,15,3,2,12,4,5,2,14,87,9,0,4,1,5,37,3,1,25,6,7,4,17,2,1,20,9,0
Austen,5,Northanger Abbey,121,6,1700,26,10,0,3,38,2,20,11,14,10,4,13,11,4,15,0,1,2,11,1,5,1,17,14,7,10,16,0,21,19,0,3,5,4,12,5,32,4,47,7,8,2,5,3,6,14,2,4,2,21,60,3,0,6,0,8,37,4,1,11,6,8,2,6,4,6,19,5,6
Austen,5,Northanger Abbey,121,7,1700,39,8,0,14,44,2,5,14,13,14,5,15,8,2,12,1,0,4,14,8,10,3,12,18,6,4,15,2,10,42,2,0,2,5,10,7,13,3,52,8,7,5,3,0,2,12,5,6,3,20,58,2,1,3,2,6,31,4,2,25,5,4,2,3,6,9,10,5,4
Austen,5,Northanger Abbey,121,8,1700,33,7,1,4,70,2,7,18,5,18,5,9,13,0,4,1,2,0,15,5,17,1,2,37,14,1,21,2,15,14,0,2,1,2,5,3,16,4,63,10,4,7,2,0,4,8,1,5,4,13,79,1,4,3,1,6,51,3,0,17,4,2,5,2,5,5,15,3,5
Austen,5,Northanger Abbey,121,9,1700,38,13,0,4,46,3,8,9,10,8,6,13,11,4,7,0,1,2,13,7,17,3,16,37,4,6,20,2,15,24,1,1,6,3,10,4,29,3,36,5,2,2,6,1,0,14,1,7,2,16,46,3,1,3,0,14,55,4,2,17,9,8,5,5,2,3,11,13,5
Austen,5,Northanger Abbey,121,10,1700,52,6,0,7,47,3,8,9,20,15,3,9,9,2,7,5,0,0,17,5,8,1,8,33,12,5,38,4,18,19,5,1,3,2,6,9,26,5,40,6,9,1,7,2,3,8,0,5,1,20,63,5,4,13,1,6,44,2,3,23,4,7,2,5,3,5,17,6,1
Austen,5,Northanger Abbey,121,11,1700,39,8,0,3,65,3,5,12,9,9,6,8,5,1,3,3,1,0,15,5,22,1,10,32,26,4,27,3,13,23,1,0,2,1,5,7,14,2,51,13,2,3,4,1,0,5,6,6,4,17,61,1,4,8,2,4,48,1,2,24,7,6,4,15,1,6,15,9,2
Austen,5,Northanger Abbey,121,12,1700,24,11,0,7,43,2,2,7,8,13,10,9,12,2,5,1,1,6,25,7,15,2,19,35,5,1,28,0,11,16,1,1,2,3,10,6,24,7,50,9,4,5,9,2,5,6,10,2,6,13,86,8,2,3,1,8,42,0,1,24,5,6,2,8,1,3,15,13,5
Austen,5,Northanger Abbey,121,13,1700,35,9,0,5,44,6,10,18,7,15,4,16,9,6,14,0,1,3,24,5,8,4,13,12,4,8,30,6,25,14,1,3,4,5,9,6,22,4,49,7,8,9,8,1,4,14,0,7,2,28,64,8,3,10,2,8,54,2,1,8,10,4,9,3,6,7,16,8,7
Austen,5,Northanger Abbey,121,14,1700,35,6,0,3,50,4,11,12,13,18,4,18,9,2,11,2,0,3,14,4,11,0,7,32,8,7,21,1,14,43,3,4,5,2,7,6,20,4,36,11,2,4,4,2,5,12,2,5,2,15,65,4,2,8,1,6,54,7,1,18,3,5,4,3,4,11,11,10,4
Austen,5,Northanger Abbey,121,15,1700,29,5,0,7,47,3,4,15,11,14,6,9,14,0,4,3,3,3,19,4,17,2,13,23,9,4,22,5,14,27,4,2,4,5,7,7,28,7,43,15,2,6,3,0,2,14,1,2,6,16,52,10,5,4,1,3,40,8,1,22,9,5,3,4,9,8,7,6,3
Austen,5,Northanger Abbey,121,16,1700,33,5,0,4,44,5,0,9,17,23,5,21,9,1,9,1,1,1,12,4,9,2,15,32,11,3,24,2,6,22,2,2,6,2,14,11,33,4,35,10,3,7,3,1,3,9,1,9,5,17,61,2,3,5,0,3,52,2,1,37,14,5,2,6,4,2,12,7,3
Austen,5,Northanger Abbey,121,17,1700,34,1,0,1,44,3,4,11,7,16,7,19,14,1,10,0,0,1,15,2,16,1,11,40,14,7,27,1,6,18,1,0,7,5,6,11,32,6,39,6,7,9,1,0,6,12,2,5,6,14,63,5,3,5,0,5,56,1,6,33,7,4,5,5,6,0,10,13,3
Austen,5,Northanger Abbey,121,18,1700,24,10,0,5,47,2,9,18,8,14,11,10,16,0,12,0,2,3,5,3,26,2,18,54,6,10,24,6,7,26,0,3,3,4,6,9,38,4,45,7,6,4,0,2,5,5,2,4,0,14,55,3,5,1,1,6,51,0,1,20,5,6,6,2,1,6,17,14,3
Austen,5,Northanger Abbey,121,19,1700,22,9,0,4,56,6,13,22,13,25,2,13,6,5,10,2,0,4,16,5,11,3,13,17,4,9,30,5,21,38,0,3,2,7,9,9,24,5,49,8,5,9,8,2,4,7,1,3,2,23,53,8,1,1,1,5,44,1,1,14,3,9,5,5,2,2,15,7,6
Austen,5,Northanger Abbey,121,20,1700,39,7,0,12,43,4,3,20,7,21,5,10,8,5,8,1,1,1,8,8,11,3,14,23,6,7,31,2,17,12,4,4,8,3,8,13,14,3,76,9,3,5,5,0,2,5,1,5,6,22,73,3,1,3,0,2,74,1,0,16,5,7,2,9,3,5,16,5,8
Austen,5,Northanger Abbey,121,21,1700,22,8,0,7,47,2,5,13,4,18,8,11,5,6,2,2,0,2,16,4,16,1,12,30,2,1,28,3,10,29,0,0,6,5,22,3,20,1,59,6,1,5,3,1,1,18,5,6,5,21,75,8,1,2,0,8,38,2,0,19,5,3,3,3,3,9,13,11,10
Austen,5,Northanger Abbey,121,22,1700,33,9,0,4,55,1,5,3,11,23,3,17,11,2,7,1,0,4,14,2,8,1,16,26,9,6,22,1,15,19,4,5,9,5,13,12,21,3,50,12,8,9,1,0,0,6,2,5,5,13,62,9,4,10,2,7,56,1,3,19,8,6,4,3,5,6,15,4,2
Austen,5,Northanger Abbey,121,23,1700,21,9,0,4,51,4,3,10,11,18,5,15,9,2,11,3,3,2,19,5,10,1,7,39,18,1,28,1,10,28,1,1,1,2,6,7,30,2,58,10,4,5,4,1,2,13,6,7,2,20,57,4,3,4,1,4,58,1,3,28,3,6,1,6,2,6,17,5,4
Austen,5,Northanger Abbey,121,24,1700,34,4,0,6,40,1,6,22,8,21,6,17,12,5,9,4,0,1,15,3,15,8,9,22,9,9,25,1,16,18,0,2,8,5,21,11,16,5,38,10,3,4,1,2,5,12,3,6,4,13,52,5,5,5,2,3,51,1,5,28,1,6,5,5,1,2,11,10,12
Austen,5,Northanger Abbey,121,25,1700,35,8,0,11,52,1,4,17,5,25,8,10,9,7,5,1,1,6,19,4,17,2,8,30,8,2,29,2,15,21,9,1,5,4,13,7,14,2,70,9,5,2,6,3,4,13,4,6,6,15,69,8,0,2,1,11,56,2,2,22,8,3,2,5,1,4,15,4,4
Austen,5,Northanger Abbey,121,26,1700,22,10,0,4,46,4,9,18,5,25,6,20,6,2,9,1,0,1,22,4,14,1,12,43,17,7,25,2,15,29,0,4,6,6,15,5,30,2,46,7,7,3,5,1,7,15,1,2,4,26,37,5,2,3,4,7,40,3,3,24,6,14,2,5,2,5,11,7,7
Austen,5,Northanger Abbey,121,27,1700,27,4,0,0,44,2,7,10,13,25,4,21,10,12,6,1,2,1,21,3,8,5,8,44,23,5,23,2,25,23,1,5,1,6,11,10,26,3,33,7,4,10,6,0,0,10,2,3,0,18,46,8,4,0,0,7,57,1,2,24,4,11,5,2,1,11,12,9,10
Austen,5,Northanger Abbey,121,28,1700,47,4,0,5,51,5,2,17,13,17,4,14,10,4,2,1,1,3,15,8,7,3,12,20,13,0,36,9,12,19,4,3,3,4,4,9,20,2,53,8,5,3,6,2,2,17,6,6,2,15,86,3,4,7,0,12,48,1,2,20,3,5,5,9,0,19,17,4,19
Austen,5,Northanger Abbey,121,29,1700,35,5,1,9,47,4,0,11,12,19,2,10,14,1,1,0,3,4,13,6,16,0,3,53,3,3,26,12,1,28,4,3,1,0,1,6,15,0,70,15,10,2,3,0,4,9,6,5,2,12,98,2,0,2,0,8,51,0,2,38,7,6,4,8,0,5,19,5,3
Austen,5,Northanger Abbey,121,30,1700,50,3,1,6,56,2,1,18,14,12,8,12,7,0,2,1,2,1,11,6,18,1,7,40,9,4,52,2,9,36,5,0,3,3,1,3,24,2,52,10,7,5,3,0,2,11,4,7,5,14,95,3,3,5,0,5,38,4,2,31,5,3,4,5,2,0,23,5,0
Austen,5,Northanger Abbey,121,31,1700,42,4,0,6,51,3,2,17,11,10,8,11,13,1,1,0,2,5,12,8,16,1,16,51,7,2,31,2,5,25,7,2,7,4,2,3,12,5,64,9,2,1,5,0,5,12,2,4,7,16,100,1,2,2,0,4,51,2,1,25,4,6,2,9,1,0,19,2,2
Austen,5,Northanger Abbey,121,32,1700,32,6,0,5,47,9,2,18,10,17,5,13,12,1,3,0,3,4,14,4,17,1,3,29,17,5,31,3,10,37,4,4,3,1,5,3,20,4,51,5,5,6,4,1,4,7,4,4,2,16,86,1,4,4,0,11,40,0,1,30,8,2,5,7,2,4,16,9,3
Austen,5,Northanger Abbey,121,33,1700,39,13,0,7,51,4,1,8,9,12,16,8,15,0,0,0,1,3,19,8,24,0,13,30,15,1,33,4,3,20,4,0,3,5,5,9,17,3,67,7,4,4,7,0,1,5,4,3,4,12,102,7,2,3,0,7,44,2,1,33,7,7,7,14,0,0,19,6,1
Austen,5,Northanger Abbey,121,34,1700,25,14,0,7,48,0,1,18,7,29,7,5,16,2,1,1,3,2,10,11,13,1,7,42,6,3,26,2,1,20,3,2,7,9,4,4,14,0,70,2,0,1,6,1,4,9,8,5,3,28,108,2,1,3,1,4,45,4,1,36,10,7,5,17,2,1,11,5,1
Austen,5,Northanger Abbey,121,35,1700,34,4,0,9,42,3,0,13,13,23,6,9,8,1,0,2,2,5,13,8,22,0,8,38,10,2,37,4,3,17,3,1,3,1,5,11,18,2,46,12,2,5,5,0,5,6,4,1,2,11,93,3,0,6,0,5,78,5,4,27,9,5,6,15,3,0,15,7,4
Austen,5,Northanger Abbey,121,36,1700,30,7,0,6,58,1,3,23,7,15,9,12,6,3,3,1,5,3,14,10,24,2,16,51,8,7,32,2,11,27,1,1,5,6,3,8,27,3,52,9,3,6,4,3,1,6,6,7,7,19,64,6,0,8,0,7,39,2,4,24,12,7,1,14,1,1,12,5,7
Austen,5,Northanger Abbey,121,37,1700,26,4,1,9,42,6,6,15,17,19,3,19,4,2,5,2,4,1,14,9,19,6,9,35,17,8,20,4,17,30,1,2,5,4,12,11,18,3,33,7,5,7,5,1,5,16,1,4,5,16,44,2,4,3,0,3,46,1,1,21,5,4,4,4,4,8,14,7,10
Austen,5,Northanger Abbey,121,38,1700,33,5,0,2,51,7,4,21,15,27,4,10,13,8,6,1,1,3,19,6,10,3,8,21,17,5,33,1,12,21,0,11,4,7,9,11,23,4,34,13,7,4,7,4,3,14,7,8,5,29,56,4,3,3,1,10,51,0,3,14,6,5,5,8,0,11,18,12,5
Austen,5,Northanger Abbey,121,39,1700,36,9,0,5,61,6,7,10,14,12,6,15,10,3,1,1,2,3,13,10,14,1,9,20,14,4,26,3,13,40,2,2,2,1,9,2,17,3,47,10,4,4,9,0,4,14,3,2,6,11,95,3,1,7,0,6,57,4,1,33,6,6,3,7,3,5,13,4,4
Austen,5,Northanger Abbey,121,40,1700,30,8,0,5,53,4,1,18,17,14,11,18,11,3,9,0,5,5,17,4,18,7,15,37,16,9,22,3,10,25,2,1,3,3,6,9,32,6,42,11,3,2,6,1,5,13,1,11,1,20,54,9,4,4,0,6,54,1,2,19,6,3,4,4,1,1,13,11,4
Austen,5,Northanger Abbey,121,41,1700,26,8,0,7,48,6,7,24,13,27,2,16,11,12,5,3,4,2,17,9,5,4,12,27,7,5,22,1,16,33,2,0,3,9,12,10,21,3,37,9,1,5,5,1,3,16,4,7,2,25,48,1,3,5,0,8,55,3,0,17,9,6,7,3,2,8,10,8,11
Austen,5,Northanger Abbey,121,42,1700,21,6,0,4,61,6,2,18,15,12,8,12,11,2,2,1,4,4,14,16,30,0,9,64,13,3,24,2,0,23,2,0,6,6,1,6,22,4,54,12,6,8,8,0,2,12,4,4,3,16,76,2,3,6,0,7,53,0,3,34,6,10,5,13,1,5,14,4,4
Austen,5,Northanger Abbey,121,43,1700,41,15,0,10,59,8,1,14,15,19,7,16,7,4,4,2,2,4,23,11,11,1,8,51,2,2,30,3,10,26,0,1,1,5,5,8,15,3,60,7,1,3,9,1,3,12,1,7,4,16,68,7,3,2,0,3,45,0,4,23,10,7,3,10,1,6,13,4,3
Austen,5,Northanger Abbey,121,44,1700,43,15,0,5,49,3,7,12,9,11,5,19,7,2,8,0,2,2,21,6,17,1,15,48,7,3,18,2,10,20,0,0,2,6,7,9,25,8,49,9,3,3,6,1,3,9,6,6,3,21,54,3,2,10,0,5,34,3,4,23,5,4,2,5,1,4,19,3,4
Austen,5,Northanger Abbey,121,45,1700,31,7,0,7,50,3,0,13,13,15,8,7,12,0,0,0,1,0,20,13,34,0,5,45,55,4,33,1,1,12,2,1,7,2,1,3,13,3,66,14,4,5,7,0,1,2,4,4,5,15,76,8,0,3,0,5,64,0,3,22,5,2,0,14,2,1,13,6,0
Austen,5,Northanger Abbey,121,46,1700,27,11,0,8,45,5,1,18,12,15,9,10,19,2,1,0,2,3,13,8,19,0,5,14,46,1,33,2,4,23,4,0,5,8,5,11,14,1,69,9,5,5,6,0,3,4,1,4,3,24,83,19,0,2,1,9,64,1,1,29,13,5,1,14,3,2,5,3,1
Austen,6,Persuasion,105,1,1700,30,8,0,8,73,9,0,13,7,11,15,10,12,0,1,1,1,3,15,3,48,2,7,36,21,3,30,2,4,13,1,0,3,4,0,6,8,3,66,8,7,4,7,0,2,3,2,1,5,11,75,3,3,6,0,4,32,4,0,18,6,0,4,13,4,0,17,3,0
Austen,6,Persuasion,105,2,1700,29,8,0,8,55,5,0,25,4,21,11,17,12,3,3,1,2,3,14,10,30,2,10,20,19,2,32,1,4,20,2,2,4,4,0,8,10,2,84,7,4,5,6,3,2,6,2,5,1,14,80,8,0,8,0,6,61,2,0,33,9,6,2,12,6,5,6,4,2
Austen,6,Persuasion,105,3,1700,35,14,0,4,49,10,3,11,13,25,16,8,5,0,1,1,1,4,9,12,25,3,13,27,11,3,35,1,4,22,3,1,11,6,0,4,13,0,69,10,7,5,1,5,5,4,3,3,9,18,62,5,1,9,0,5,61,3,2,19,5,3,0,13,7,5,12,18,1
Austen,6,Persuasion,105,4,1700,52,19,0,5,54,9,9,21,8,22,6,11,4,5,4,1,3,4,16,2,13,3,13,4,15,4,34,4,21,19,2,0,7,2,7,8,19,1,57,6,2,4,3,0,3,5,1,2,4,9,71,10,2,5,0,4,57,3,1,23,3,8,1,8,8,2,12,6,2
Austen,6,Persuasion,105,5,1700,50,8,0,10,55,4,0,7,12,14,14,16,10,3,2,2,2,3,14,2,33,0,11,19,19,2,33,4,2,24,2,2,9,4,4,12,14,0,60,12,8,2,9,1,4,12,3,6,7,11,63,5,0,1,0,3,44,1,0,24,3,2,2,6,10,1,15,5,0
Austen,6,Persuasion,105,6,1700,24,19,0,5,72,8,0,17,14,16,17,11,10,0,3,0,1,5,14,6,26,0,15,35,13,1,28,2,1,17,2,0,2,4,1,7,13,2,58,10,2,6,3,0,8,8,3,7,4,19,80,5,2,4,0,6,64,0,0,27,9,2,3,11,1,2,11,8,0
Austen,6,Persuasion,105,7,1700,39,8,0,5,61,4,5,16,9,15,11,15,4,10,9,1,1,2,9,5,20,3,25,21,3,1,26,2,7,14,4,2,9,4,9,4,26,4,49,7,6,3,0,1,5,16,2,3,10,16,57,7,0,1,2,6,50,4,4,27,6,5,3,6,6,2,12,6,2
Austen,6,Persuasion,105,8,1700,33,14,0,4,69,1,4,20,18,12,6,12,8,1,4,0,0,3,13,7,20,0,15,17,11,4,31,3,2,17,1,2,9,3,3,2,16,4,59,11,7,3,8,4,2,12,3,7,4,14,65,12,4,9,0,4,48,4,3,27,19,6,4,7,3,5,17,2,2
Austen,6,Persuasion,105,9,1700,21,9,0,5,56,11,9,13,8,17,2,15,17,2,5,1,1,3,16,4,12,0,6,33,1,6,28,2,12,27,0,2,11,1,5,10,20,1,56,8,7,4,9,1,5,8,2,3,8,19,67,8,0,5,2,7,53,0,2,27,12,1,5,3,3,0,11,9,2
Austen,6,Persuasion,105,10,1700,17,13,0,4,69,2,3,21,13,17,11,10,11,1,4,0,2,2,17,4,29,0,7,12,25,0,23,2,8,22,1,2,4,8,1,1,16,4,56,12,4,6,9,1,4,11,0,7,5,28,86,6,2,1,2,8,61,0,2,33,14,1,10,9,1,2,7,2,1
Austen,6,Persuasion,105,11,1700,21,7,0,3,54,4,5,27,18,36,4,13,4,6,6,0,0,1,17,6,9,0,11,13,12,12,17,0,17,21,0,3,7,3,8,15,26,4,37,9,0,7,2,1,7,11,0,3,8,14,56,6,0,7,0,7,73,4,0,23,9,2,7,2,3,8,15,11,4
Austen,6,Persuasion,105,12,1700,29,12,1,3,49,4,0,9,7,21,12,14,6,0,1,0,1,1,16,5,41,1,11,27,23,3,28,1,5,21,0,2,7,6,0,17,24,5,35,8,2,2,4,0,5,11,1,4,6,18,70,5,1,5,0,9,59,3,0,31,15,4,8,10,4,0,14,6,0
Austen,6,Persuasion,105,13,1700,44,8,0,4,51,7,2,16,15,18,14,8,9,2,2,1,0,0,25,5,24,1,12,21,13,8,24,4,6,17,1,3,7,2,6,6,14,3,37,8,5,6,8,3,5,7,4,5,7,13,65,3,5,7,0,3,48,3,0,23,9,6,7,13,4,4,17,11,4
Austen,6,Persuasion,105,14,1700,31,10,0,6,58,3,4,17,9,13,7,16,5,4,7,2,1,3,6,6,20,3,16,12,12,6,33,1,8,14,1,2,5,2,8,7,17,1,60,10,5,6,8,2,1,7,2,4,4,18,67,7,4,7,0,7,50,2,3,24,15,7,11,4,2,5,14,5,6
Austen,6,Persuasion,105,15,1700,44,9,0,6,55,10,1,22,13,26,17,21,6,1,3,1,3,2,21,9,31,5,13,14,19,5,22,3,10,21,1,3,5,2,2,6,17,4,53,6,5,8,7,0,9,4,2,3,5,17,67,7,3,6,2,1,56,0,2,21,3,3,5,9,7,3,8,16,1
Austen,6,Persuasion,105,16,1700,24,5,0,4,56,4,3,18,9,11,7,13,12,1,7,5,2,1,11,14,19,0,10,27,16,2,27,2,2,22,0,0,4,3,1,4,30,2,48,8,6,5,1,0,5,4,12,6,4,20,81,5,0,4,0,4,62,3,3,29,11,4,4,3,2,3,19,5,2
Austen,6,Persuasion,105,17,1700,41,7,1,6,57,4,3,16,9,17,3,16,11,3,9,7,0,0,16,6,13,2,15,31,6,7,19,4,11,17,1,3,5,0,6,16,15,3,58,9,5,0,6,0,7,8,4,8,4,16,63,4,2,2,1,8,36,4,0,26,9,5,6,8,1,2,11,13,3
Austen,6,Persuasion,105,18,1700,31,9,0,4,60,3,2,14,13,20,7,9,11,0,3,1,3,1,16,4,27,1,4,37,20,3,26,3,2,17,1,1,3,5,4,3,20,6,52,6,6,1,3,2,0,3,5,2,1,15,64,9,2,9,2,5,51,2,2,29,15,4,3,15,1,1,10,11,0
Austen,6,Persuasion,105,19,1700,38,19,0,6,77,4,1,17,9,13,7,8,11,0,0,3,1,1,19,9,16,1,8,7,18,2,26,2,4,16,7,1,10,6,1,3,11,5,66,11,1,2,5,0,2,10,2,3,11,7,122,7,0,4,0,3,53,4,1,23,12,1,2,9,5,3,20,4,0
Austen,6,Persuasion,105,20,1700,33,12,3,2,69,3,0,16,18,16,5,8,12,1,7,5,1,0,12,3,17,1,7,19,18,3,21,4,6,17,2,1,6,1,1,5,11,2,72,10,3,6,2,2,2,9,2,8,5,19,93,9,0,3,0,3,61,0,1,21,7,1,4,13,2,0,19,5,0
Austen,6,Persuasion,105,21,1700,32,15,2,7,48,2,0,27,12,20,11,14,15,3,4,0,2,1,10,5,23,0,11,17,12,2,25,3,7,31,0,2,2,11,2,6,19,2,35,6,2,4,1,5,6,7,2,3,0,25,85,10,1,4,0,4,54,6,2,28,6,6,5,7,5,1,10,8,2
Austen,6,Persuasion,105,22,1700,27,13,1,3,66,2,1,20,7,24,4,11,16,1,0,5,0,2,15,7,19,0,2,37,15,3,20,0,7,16,0,2,3,9,0,9,14,2,40,7,5,4,6,0,0,4,3,5,1,6,85,7,0,6,0,5,74,6,1,39,16,4,1,8,8,2,18,5,0
Austen,6,Persuasion,105,23,1700,30,11,0,6,66,1,0,26,13,24,11,14,7,0,7,1,1,0,18,7,24,0,5,26,11,4,28,0,2,25,2,0,6,4,0,6,13,3,55,9,8,5,3,0,2,12,3,0,3,13,87,8,2,6,0,4,67,4,1,39,5,5,11,6,4,5,10,12,1
Austen,6,Persuasion,105,24,1700,20,13,0,7,68,2,2,6,11,20,14,10,6,0,2,0,2,2,8,7,38,0,7,41,6,1,34,2,0,22,7,0,6,9,0,6,14,4,59,15,3,5,7,0,3,11,6,3,7,26,87,9,1,7,1,3,57,0,1,35,7,4,5,14,4,1,13,7,1
Austen,6,Persuasion,105,25,1700,30,13,0,4,57,2,2,10,17,23,16,16,7,3,5,0,0,3,14,10,30,2,12,10,6,3,19,2,16,34,1,2,2,8,8,4,22,7,28,5,5,4,5,3,6,14,3,4,6,18,55,5,2,9,0,7,56,5,6,24,8,3,6,5,1,6,13,4,4
Austen,6,Persuasion,105,26,1700,41,8,1,3,47,6,1,17,6,16,6,7,6,2,3,3,1,1,18,13,21,4,9,23,15,3,28,0,5,9,0,4,2,2,4,7,20,2,52,8,7,0,8,0,1,10,2,4,4,16,61,12,2,5,1,4,56,1,2,22,11,2,7,5,3,10,17,9,1
Austen,6,Persuasion,105,27,1700,39,11,1,8,46,0,0,16,6,18,16,19,14,0,0,1,0,3,9,2,52,0,5,19,23,1,39,0,0,16,1,0,3,6,0,7,20,2,63,9,7,6,8,0,5,6,2,5,3,18,66,9,0,8,1,3,57,2,1,37,17,1,5,7,5,0,11,4,0
Austen,6,Persuasion,105,28,1700,34,8,2,9,39,5,2,20,20,24,11,15,4,1,1,2,1,3,7,2,18,6,14,30,25,4,35,1,5,19,3,1,6,12,2,8,22,2,49,8,4,5,7,0,3,11,2,5,5,20,67,3,1,7,0,4,64,0,2,31,10,6,5,7,4,0,16,7,1
Austen,6,Persuasion,105,29,1700,37,10,1,2,53,7,5,14,9,24,14,13,6,0,2,1,1,1,12,5,25,1,11,15,12,2,43,1,12,29,2,4,5,8,4,8,13,2,53,6,5,3,4,6,5,5,2,2,4,23,62,7,2,6,1,3,51,0,3,27,5,3,3,12,3,8,9,7,6
Austen,6,Persuasion,105,30,1700,46,8,0,5,70,1,6,14,7,13,13,9,3,3,0,0,1,4,8,12,51,4,5,45,3,2,38,3,12,20,6,4,6,2,2,6,11,4,65,8,9,6,7,0,0,4,0,3,6,23,55,6,1,7,0,5,53,0,0,19,4,7,6,14,7,1,13,4,0
Austen,6,Persuasion,105,31,1700,38,14,0,5,61,4,4,8,12,18,17,13,6,1,2,0,1,2,13,4,19,3,9,45,9,4,30,1,13,14,3,2,3,3,6,7,22,5,61,12,8,11,3,0,3,4,2,7,2,19,51,0,0,6,1,9,67,1,1,26,6,9,2,6,4,3,7,7,3
Austen,6,Persuasion,105,32,1700,29,10,0,9,40,7,9,22,10,22,7,12,3,2,7,0,1,1,16,6,22,3,18,27,7,5,26,2,16,21,0,2,9,3,11,4,33,3,34,5,2,1,5,1,2,5,2,6,12,14,57,1,0,3,0,6,59,0,2,16,7,11,3,3,3,7,14,4,1
Austen,6,Persuasion,105,33,1700,25,7,0,5,48,4,7,29,12,12,11,10,5,4,7,1,2,2,11,5,26,3,14,25,10,6,28,3,5,17,1,0,4,6,5,5,20,3,47,3,3,3,9,4,1,4,5,2,2,19,67,8,1,4,0,5,52,4,0,24,5,5,8,4,3,7,14,8,2
Austen,6,Persuasion,105,34,1700,33,15,1,6,44,2,6,9,14,16,2,13,6,0,3,3,4,0,23,8,16,5,9,21,13,5,16,2,21,31,1,1,4,7,1,5,25,3,44,7,1,4,7,2,8,7,0,2,8,20,55,2,4,12,0,7,51,0,1,35,7,5,3,6,0,2,12,10,0
Austen,6,Persuasion,105,35,1700,25,13,0,3,55,3,2,14,12,21,5,21,8,3,5,1,2,2,19,5,14,1,11,32,9,7,31,1,7,25,0,2,7,8,1,8,26,5,43,5,6,7,9,0,4,8,2,3,2,22,55,3,0,8,0,3,52,1,0,38,15,3,5,7,3,3,13,12,2
Austen,6,Persuasion,105,36,1700,47,14,1,3,67,1,3,17,13,13,12,17,6,0,4,0,0,5,8,9,21,3,14,26,19,2,34,3,7,21,1,0,10,5,3,10,19,0,46,10,5,6,1,1,5,7,6,5,6,16,81,8,0,5,1,3,51,2,1,29,14,0,4,11,2,0,14,8,1
Austen,6,Persuasion,105,37,1700,34,3,0,6,41,4,3,18,8,15,9,16,17,3,3,2,2,1,19,3,26,2,14,35,9,6,28,1,8,16,0,0,8,7,5,8,25,4,55,8,7,3,5,0,4,10,4,6,4,8,72,3,0,3,0,4,49,0,0,31,9,4,7,4,4,1,13,5,4
Austen,6,Persuasion,105,38,1700,33,11,0,5,32,4,6,8,6,23,12,12,7,6,11,0,2,2,18,4,12,3,22,22,9,3,24,0,14,22,0,2,8,5,10,8,20,5,55,2,3,4,3,0,4,2,0,5,6,20,55,6,2,10,0,6,60,1,1,20,12,2,5,3,6,7,13,8,11
Austen,6,Persuasion,105,39,1700,22,8,0,4,50,8,1,13,11,18,11,13,6,4,5,0,1,0,9,6,13,6,26,7,15,0,26,4,9,26,0,4,1,4,16,11,24,3,45,5,7,4,9,1,8,3,2,3,2,23,46,1,4,6,1,5,53,0,3,33,9,6,2,6,6,4,13,5,10
Austen,6,Persuasion,105,40,1700,30,11,0,1,42,4,5,23,7,22,5,21,6,10,2,1,1,2,16,4,13,2,22,13,13,4,25,3,22,26,0,2,3,2,18,6,17,11,33,8,7,4,8,1,2,7,3,6,1,16,50,0,3,6,3,10,64,0,1,23,4,8,6,12,0,13,15,3,7
Austen,6,Persuasion,105,41,1700,32,10,0,3,52,3,1,18,5,33,18,17,11,3,10,0,3,2,9,7,30,4,13,23,26,2,31,3,8,23,1,4,5,3,2,5,25,4,62,13,1,4,6,1,2,0,7,3,4,24,61,6,1,6,1,9,73,0,5,22,1,5,2,10,5,4,12,7,3
Austen,6,Persuasion,105,42,1700,17,12,1,3,47,4,1,20,9,22,10,20,6,0,1,0,0,1,15,4,19,0,16,39,18,3,23,0,2,16,1,3,5,7,10,5,14,3,56,9,5,4,3,0,4,14,4,7,2,24,57,3,0,2,0,6,60,2,2,40,3,1,6,10,1,1,15,12,3
Austen,6,Persuasion,105,43,1700,39,9,0,5,70,1,1,22,10,22,6,18,11,1,9,2,1,1,15,4,17,5,14,22,7,3,30,3,8,25,2,0,4,3,3,5,21,2,45,5,3,3,7,0,6,10,4,5,2,22,57,10,3,3,1,2,63,1,1,19,16,1,2,4,6,6,16,5,3
Austen,6,Persuasion,105,44,1700,28,11,0,5,71,0,5,12,11,29,5,8,7,2,4,0,1,4,20,10,15,1,11,31,8,13,14,1,10,30,0,2,4,3,2,5,26,2,38,13,3,4,3,2,7,4,0,5,2,22,61,8,1,7,1,3,72,0,1,24,5,2,5,10,3,5,13,7,2
Austen,6,Persuasion,105,45,1700,24,12,0,6,62,1,0,12,7,11,9,11,9,1,2,1,2,1,16,3,26,1,5,25,14,3,29,3,4,23,2,0,7,1,6,7,15,2,55,8,6,9,6,0,1,7,3,6,4,16,88,3,0,5,0,1,67,0,0,34,12,7,1,9,0,2,15,6,1
Austen,6,Persuasion,105,46,1700,43,14,1,4,52,5,7,18,19,22,6,14,4,5,7,1,1,3,16,4,11,7,14,13,7,10,28,2,15,35,2,4,4,2,6,9,23,4,28,6,1,3,5,11,2,6,2,6,8,17,44,6,3,6,0,6,51,1,8,20,4,6,4,14,5,6,10,6,6
Austen,6,Persuasion,105,47,1700,27,9,1,8,49,2,10,13,6,22,9,19,8,4,12,1,4,4,11,4,21,2,18,26,9,8,16,1,10,18,0,4,3,5,12,13,26,2,34,8,4,9,7,0,3,6,3,4,4,22,44,3,2,5,0,7,50,3,0,24,5,0,8,10,2,5,13,9,11
Austen,6,Persuasion,105,48,1700,20,7,0,4,62,1,0,7,16,19,16,9,10,0,4,0,4,2,13,5,49,1,8,20,15,6,31,1,5,25,1,0,8,4,7,8,21,4,57,7,6,5,9,1,2,8,1,1,4,26,76,4,1,10,0,4,64,1,0,23,8,6,5,12,3,2,8,6,3
Austen,6,Persuasion,105,49,1700,30,6,0,4,63,5,2,13,8,16,14,13,11,2,6,2,2,5,13,3,28,1,16,25,7,7,45,3,8,17,1,2,6,7,10,9,17,5,57,3,10,4,9,0,6,4,5,4,15,21,56,4,2,8,0,8,53,4,0,35,1,3,4,10,10,1,21,7,3
Austen,7,Lady Susan,946,1,1700,23,9,0,7,42,3,6,19,14,21,5,14,7,3,0,0,0,1,20,7,1,8,19,38,12,7,31,3,15,17,1,2,6,4,30,7,15,3,39,9,4,2,0,5,4,12,3,2,3,21,37,2,0,5,0,5,80,2,0,14,7,2,4,7,3,5,13,4,7
Austen,7,Lady Susan,946,2,1700,30,8,0,10,58,2,5,20,11,22,4,15,5,5,4,0,2,1,14,13,3,10,18,39,10,3,19,0,24,16,0,4,3,10,19,3,21,3,52,10,7,1,2,1,5,14,5,2,2,23,41,1,0,3,0,6,64,0,1,13,2,5,5,12,3,7,14,2,9
Austen,7,Lady Susan,946,3,1700,25,4,0,6,51,8,3,18,15,15,7,8,17,5,1,0,0,1,14,7,5,8,12,38,21,4,29,1,17,17,2,9,6,3,27,2,17,3,62,12,3,1,2,1,3,9,6,4,3,24,35,1,0,2,0,9,62,0,1,10,3,2,8,9,3,5,10,5,4
Austen,7,Lady Susan,946,4,1700,28,9,0,8,41,4,1,14,10,19,1,18,11,9,8,0,2,2,8,7,4,9,10,27,11,4,24,1,23,20,1,5,4,8,30,7,13,6,63,5,4,6,2,6,7,15,1,4,2,25,37,2,1,1,1,8,76,1,0,4,3,2,4,16,1,6,10,12,29
Austen,7,Lady Susan,946,5,1700,22,6,1,3,36,3,3,25,4,21,12,18,13,7,4,0,1,1,17,10,6,11,20,47,10,10,23,0,24,22,0,5,3,12,29,7,15,2,55,10,1,2,2,2,7,10,3,3,7,17,47,1,0,0,0,8,69,1,0,9,0,2,0,7,1,11,11,3,3
Austen,7,Lady Susan,946,6,1700,22,4,0,5,57,4,6,21,6,14,7,10,6,4,4,0,1,1,15,7,8,15,12,70,8,4,21,4,34,15,1,5,6,3,10,9,13,0,63,11,3,3,5,0,2,13,2,5,3,27,53,0,0,7,1,5,48,0,0,9,3,4,13,7,4,3,18,2,4
Austen,7,Lady Susan,946,7,1700,30,9,1,4,55,3,5,20,11,16,1,10,14,4,4,4,1,2,21,6,10,5,14,39,3,1,22,1,25,16,3,4,4,7,21,5,16,8,42,9,3,2,4,1,3,9,4,8,3,23,57,2,2,0,1,6,50,2,0,12,3,7,6,2,5,10,19,2,6
Austen,7,Lady Susan,946,8,1700,22,8,1,3,47,3,1,8,7,17,2,20,14,5,4,0,1,0,17,6,11,4,20,24,15,4,20,3,15,17,0,5,4,8,28,8,21,3,39,12,2,2,5,1,4,8,6,3,4,32,51,0,3,0,1,8,58,1,1,21,1,6,4,7,5,7,18,4,2
Austen,7,Lady Susan,946,9,1700,21,13,0,8,36,2,7,18,13,14,11,16,3,4,7,0,2,1,11,4,12,12,26,18,13,4,24,1,20,28,0,0,1,4,27,9,31,2,28,7,1,5,6,1,8,8,3,3,2,26,29,1,4,1,1,10,59,3,1,23,2,9,4,7,3,9,9,8,14
Austen,7,Lady Susan,946,10,1700,19,5,0,8,30,7,5,13,10,13,5,14,4,2,4,0,2,6,20,8,9,2,17,25,15,7,22,1,19,23,1,4,6,11,33,4,19,6,52,13,2,2,2,1,2,13,2,6,7,24,36,2,1,3,0,11,66,1,0,23,2,11,9,11,0,5,17,7,18
Austen,7,Lady Susan,946,11,1700,17,10,1,4,44,4,4,13,19,29,3,13,12,7,5,0,0,1,30,5,5,6,27,30,20,8,35,0,19,19,0,3,2,8,28,1,22,1,37,8,1,2,7,4,5,7,4,7,2,16,44,0,0,6,2,9,78,2,2,9,3,3,5,8,0,11,10,8,10
Austen,7,Lady Susan,946,12,1700,22,4,0,6,34,4,7,18,8,23,9,12,10,6,9,0,2,2,16,11,6,5,19,2,8,4,25,1,17,13,0,4,6,9,27,1,26,2,55,8,0,1,6,6,4,8,5,7,3,21,49,1,0,2,1,10,71,1,0,7,0,7,5,6,5,13,18,6,9
Austen,7,Lady Susan,946,13,1700,13,9,0,6,49,4,6,16,12,23,8,17,7,7,2,0,2,3,18,8,13,8,21,9,9,10,22,1,22,15,1,9,8,3,20,7,21,4,36,8,2,2,3,5,1,7,1,5,4,23,47,2,0,1,0,10,68,2,0,6,5,3,5,13,0,14,18,3,22
London,8,The Call of the Wild,215,1,1700,46,6,1,6,64,0,0,3,14,4,6,15,9,1,2,3,3,1,16,9,18,2,1,0,36,1,29,9,1,11,2,0,3,0,0,2,12,0,47,11,7,1,9,0,0,5,1,0,1,14,130,3,3,7,2,5,26,4,0,34,13,3,4,4,4,0,11,1,1
London,8,The Call of the Wild,215,2,1700,44,8,1,8,94,1,0,13,20,5,2,9,9,1,1,3,0,0,16,8,16,0,1,0,30,0,26,8,1,14,2,0,3,0,1,5,10,4,36,14,9,1,1,1,0,5,2,1,0,27,126,2,3,3,0,4,21,1,5,45,4,1,8,5,3,0,16,6,1
London,8,The Call of the Wild,215,3,1700,35,4,1,8,87,1,0,15,9,8,2,8,9,0,1,5,3,2,6,9,12,0,1,8,27,1,20,8,1,18,0,0,7,0,0,9,11,1,43,9,10,2,3,0,1,6,2,1,1,19,80,4,2,5,1,6,47,2,6,56,11,1,9,5,6,1,20,3,0
London,8,The Call of the Wild,215,4,1700,33,8,0,5,88,0,0,11,6,4,3,14,7,0,0,4,3,1,21,7,13,0,3,0,39,0,25,6,0,16,0,0,3,0,0,5,11,1,47,8,2,3,4,0,1,7,0,1,1,15,114,5,2,5,2,2,41,7,1,48,10,2,4,10,1,1,13,4,0
London,8,The Call of the Wild,215,5,1700,40,2,0,8,80,0,0,11,10,2,3,9,9,0,2,4,2,0,10,8,20,0,2,0,39,0,29,6,1,24,1,0,0,0,0,9,9,1,48,11,3,6,8,0,0,1,2,2,1,9,123,14,2,4,0,4,42,0,8,38,13,2,9,7,3,0,17,2,0
London,8,The Call of the Wild,215,6,1700,25,16,1,3,80,2,1,10,12,0,4,6,13,0,0,4,1,4,16,5,12,0,3,4,33,1,24,8,0,15,1,0,1,0,1,1,6,0,33,12,10,1,2,0,2,8,2,0,1,22,113,1,5,2,0,9,36,10,7,44,11,1,2,7,4,0,14,2,0
London,8,The Call of the Wild,215,7,1700,30,9,1,3,84,0,0,11,13,3,2,10,12,0,0,10,2,1,6,5,10,0,1,0,17,1,35,7,5,30,2,1,6,1,0,3,14,1,67,7,9,3,4,0,2,3,1,2,4,20,144,5,0,4,4,10,29,11,1,44,12,0,4,8,1,0,13,0,0
London,8,The Call of the Wild,215,8,1700,17,5,0,7,82,0,0,21,13,2,2,16,12,0,1,7,1,3,16,3,13,1,3,0,35,1,38,2,0,12,2,0,8,0,0,6,10,3,29,8,5,2,1,0,1,3,1,1,2,12,94,5,6,4,1,3,44,10,4,46,6,1,6,2,7,0,13,4,0
London,8,The Call of the Wild,215,9,1700,23,6,1,2,95,0,0,6,13,1,1,14,10,0,1,8,0,1,12,7,12,0,1,0,34,0,25,4,0,20,0,0,2,0,0,5,8,1,45,10,6,0,11,0,2,6,3,2,2,12,129,8,2,7,3,7,33,7,1,38,18,1,6,8,3,1,23,5,0
London,8,The Call of the Wild,215,10,1700,37,7,3,4,67,2,0,12,7,3,2,11,4,1,0,6,0,4,11,9,19,0,1,5,31,1,22,2,5,21,1,0,4,1,0,4,6,2,55,18,11,0,4,0,5,4,0,1,3,19,116,6,5,7,1,1,27,5,2,30,17,1,7,5,3,0,17,2,1
London,8,The Call of the Wild,215,11,1700,26,8,1,4,73,1,1,9,6,3,4,16,11,1,6,2,2,0,9,6,13,0,1,14,13,2,28,4,3,19,4,0,5,0,0,6,23,1,28,14,7,3,4,1,2,9,1,1,2,21,126,12,2,3,2,5,43,5,3,30,20,6,6,2,3,0,12,3,1
London,8,The Call of the Wild,215,12,1700,26,9,0,1,91,1,1,10,10,5,4,6,7,0,3,9,0,3,6,10,19,0,2,16,14,0,30,7,0,29,1,0,4,1,1,5,8,1,57,16,6,5,7,0,3,6,1,1,2,19,121,15,1,3,5,7,39,3,5,33,15,2,8,9,4,0,19,2,0
London,8,The Call of the Wild,215,13,1700,37,7,0,1,69,0,0,19,11,5,2,10,4,1,0,7,1,1,14,5,21,1,1,5,49,2,15,9,0,22,3,0,3,1,2,7,10,1,37,9,2,0,10,0,0,7,2,0,2,21,81,2,3,4,1,6,51,14,7,36,7,1,5,4,5,0,17,7,0
London,8,The Call of the Wild,215,14,1700,36,3,0,5,79,2,0,19,8,5,1,11,12,0,2,10,1,2,13,17,16,0,0,0,36,0,31,6,3,15,2,0,1,1,0,5,8,0,48,15,1,2,9,0,0,1,0,4,2,9,131,1,1,1,1,7,29,4,4,36,11,2,8,9,1,0,17,7,0
London,8,The Call of the Wild,215,15,1700,46,2,0,4,71,0,0,11,6,3,5,8,4,4,3,7,0,1,11,4,16,1,1,0,26,1,21,8,3,26,1,0,2,2,0,4,11,3,58,9,9,2,1,0,1,5,1,1,1,20,116,5,2,2,0,3,39,8,4,32,8,3,3,3,2,1,20,2,0
London,8,The Call of the Wild,215,16,1700,34,3,0,6,88,2,0,21,6,1,4,7,7,2,2,3,1,2,13,4,14,0,0,0,23,2,32,9,0,21,2,0,4,0,0,8,4,4,43,14,4,1,4,0,0,2,0,1,1,10,139,5,3,6,1,6,32,6,5,27,13,2,3,7,5,0,14,4,0
London,8,The Call of the Wild,215,17,1700,33,7,0,4,86,2,0,19,15,2,1,10,11,0,1,7,2,3,19,9,5,0,2,0,36,2,35,12,0,22,2,1,5,0,0,4,6,1,42,15,2,2,6,0,0,2,1,0,4,17,119,1,3,1,2,6,32,4,4,31,4,1,4,4,2,0,12,9,0
London,8,The Call of the Wild,215,18,1700,45,4,0,1,72,1,0,21,15,1,1,9,5,0,0,6,1,3,11,12,11,0,1,0,23,1,34,6,2,22,10,0,9,0,0,3,10,0,50,15,4,2,10,0,0,3,2,4,4,15,126,6,2,5,2,4,38,0,8,26,12,1,7,13,1,0,18,5,0
London,8,The Call of the Wild,215,19,1700,50,5,0,5,82,2,3,15,13,1,3,7,6,0,2,9,0,1,11,12,14,1,1,0,16,0,41,7,3,22,1,1,2,0,0,4,7,1,56,12,7,0,2,0,0,7,2,2,7,12,142,14,3,6,1,6,27,3,4,23,12,2,6,11,2,0,17,1,0
London,9,White Fang,910,1,1700,38,5,1,9,57,1,1,8,11,2,3,8,6,0,0,4,1,2,7,4,7,0,1,0,16,0,18,6,8,26,3,0,4,1,0,3,7,2,70,18,5,2,0,0,0,4,3,0,3,16,157,18,5,7,2,3,30,3,2,27,8,1,4,1,2,0,16,1,1
London,9,White Fang,910,2,1700,39,4,0,33,47,1,0,10,14,8,2,7,6,2,2,3,2,1,6,6,13,0,1,0,17,2,23,9,4,19,2,0,5,1,0,7,2,8,55,13,7,2,3,1,0,4,0,1,4,23,123,5,4,3,0,5,30,10,2,24,2,12,5,2,1,0,10,1,4
London,9,White Fang,910,3,1700,34,7,0,28,25,0,0,10,15,5,2,8,8,3,2,2,1,1,12,4,14,1,2,0,18,5,20,7,5,23,1,0,5,0,4,5,3,2,38,10,10,5,1,0,0,3,3,0,1,34,108,6,3,4,0,5,29,12,1,21,1,5,2,3,2,1,23,2,2
London,9,White Fang,910,4,1700,42,4,0,16,56,1,1,14,13,4,0,11,6,2,1,4,1,2,12,8,8,0,4,13,28,4,25,6,5,39,8,0,5,0,1,5,4,4,37,11,12,1,0,4,0,3,0,1,3,20,102,5,6,5,0,3,42,6,3,32,11,2,4,0,3,0,14,1,2
London,9,White Fang,910,5,1700,49,7,0,6,77,0,0,11,18,10,2,12,11,0,1,5,4,1,13,6,15,0,0,9,27,1,25,3,0,15,5,1,4,0,0,5,8,7,50,9,9,2,3,0,0,5,2,1,5,20,120,10,6,8,1,6,39,3,4,24,12,1,5,1,0,0,12,8,0
London,9,White Fang,910,6,1700,37,7,1,5,61,2,0,7,19,1,4,11,4,1,0,7,2,3,8,8,20,0,0,5,50,0,33,9,0,21,4,0,1,0,0,3,4,4,53,12,7,1,0,0,0,4,0,1,2,11,151,2,7,7,0,4,40,5,6,37,13,2,6,2,5,0,16,1,0
London,9,White Fang,910,7,1700,21,8,1,1,76,1,0,4,14,1,4,13,8,0,1,4,6,3,11,3,12,0,4,29,40,2,29,5,0,14,2,0,4,0,0,4,3,4,50,22,10,2,7,0,0,0,0,3,3,12,135,9,2,6,1,10,23,4,4,32,14,2,10,1,4,0,22,4,0
London,9,White Fang,910,8,1700,30,5,1,4,77,0,0,10,11,7,1,18,7,0,0,8,2,4,14,5,6,0,1,27,35,0,37,5,0,21,1,0,6,0,0,5,11,5,42,13,23,1,0,0,0,1,1,1,1,14,119,6,7,4,0,5,47,4,7,32,11,1,7,7,4,0,15,3,0
London,9,White Fang,910,9,1700,50,5,0,3,73,2,0,5,14,2,1,15,7,0,0,8,0,1,11,8,27,0,1,26,34,0,37,4,0,25,4,0,5,0,0,6,6,3,42,7,16,1,2,0,1,3,0,3,4,19,111,2,8,10,1,4,31,11,4,41,3,1,7,5,1,0,13,3,0
London,9,White Fang,910,10,1700,47,5,0,5,73,3,0,14,5,2,8,12,6,0,0,9,2,2,10,6,32,0,4,13,41,1,27,6,0,29,13,0,3,1,0,5,10,2,55,7,15,0,1,0,1,1,1,2,3,21,119,3,8,1,0,4,36,9,4,39,7,1,4,1,0,0,21,2,0
London,9,White Fang,910,11,1700,42,3,0,2,69,4,0,12,10,2,5,14,12,0,0,3,0,1,15,10,30,0,1,11,40,1,30,4,2,26,0,0,3,0,0,7,14,3,61,7,11,4,2,0,0,3,0,1,3,30,140,2,1,8,1,12,31,3,5,43,14,2,9,3,1,0,8,2,0
London,9,White Fang,910,12,1700,35,6,4,6,63,6,0,12,9,3,3,13,7,0,2,7,0,2,12,8,31,0,1,1,26,0,26,5,2,22,4,1,2,2,0,6,12,6,58,14,6,2,2,0,0,5,1,4,1,41,134,0,3,9,10,8,34,6,9,47,8,4,5,8,2,0,7,3,0
London,9,White Fang,910,13,1700,35,10,4,3,60,2,0,12,10,3,3,9,7,1,2,9,0,3,5,5,19,0,3,11,48,0,22,11,0,35,6,1,3,0,0,5,10,4,62,18,6,3,2,0,0,4,1,1,4,16,126,0,4,7,11,5,45,6,5,63,11,2,3,9,0,0,13,4,0
London,9,White Fang,910,14,1700,32,5,1,3,88,2,0,5,9,5,2,11,3,0,0,5,2,2,14,7,14,0,2,30,41,1,26,7,1,30,3,0,6,0,0,4,12,2,53,13,4,4,0,0,0,7,2,0,3,17,139,1,3,8,1,9,34,2,6,42,4,0,12,0,0,0,12,2,0
London,9,White Fang,910,15,1700,30,9,1,2,91,0,0,4,11,2,8,13,7,0,0,6,2,2,9,4,35,0,8,4,48,0,28,3,2,20,1,0,5,0,0,3,11,2,59,11,3,2,8,0,0,3,1,1,2,18,142,4,6,7,7,3,33,3,6,40,11,2,2,1,1,0,14,4,0
London,9,White Fang,910,16,1700,38,4,2,4,78,1,0,6,12,6,3,9,5,0,1,8,2,0,11,10,16,1,1,21,45,1,23,2,9,25,1,0,3,0,4,4,15,1,57,13,4,5,0,0,0,4,1,2,1,15,112,6,4,9,5,8,27,3,7,38,10,3,5,3,3,1,19,2,0
London,9,White Fang,910,17,1700,28,5,0,3,90,0,3,6,8,1,3,17,9,0,0,3,1,3,5,5,13,2,2,5,28,1,26,4,1,18,1,0,6,0,0,1,13,0,61,13,2,2,0,0,1,7,2,0,3,18,120,7,5,5,2,6,41,1,7,44,12,0,4,3,2,0,19,0,0
London,9,White Fang,910,18,1700,23,9,1,3,85,3,1,11,8,2,2,11,7,1,0,3,2,0,6,6,12,1,1,22,47,0,33,7,5,22,1,0,5,0,0,6,11,1,66,6,2,2,5,0,0,6,0,4,6,18,84,5,1,8,0,6,69,2,11,42,5,1,15,2,1,1,10,2,0
London,9,White Fang,910,19,1700,35,7,0,4,70,1,2,8,5,3,1,16,7,0,0,6,4,1,16,7,8,0,2,4,42,0,32,5,2,21,1,1,5,2,0,3,8,4,54,6,6,3,5,0,1,5,2,4,2,21,114,1,3,6,3,11,56,6,5,54,9,2,7,0,4,2,16,3,0
London,9,White Fang,910,20,1700,37,7,1,3,71,2,1,3,6,2,4,9,16,0,1,5,2,2,16,4,16,0,1,0,40,0,24,5,2,19,11,0,10,2,0,5,6,0,62,5,5,0,6,0,1,3,2,2,5,16,120,3,6,4,3,5,55,2,3,40,9,2,9,7,1,0,16,2,0
London,9,White Fang,910,21,1700,31,4,1,2,70,1,0,3,9,6,7,8,15,0,2,4,1,2,16,6,24,0,5,0,44,1,28,6,0,24,0,0,8,0,0,4,13,5,61,11,3,1,3,0,0,5,2,1,2,24,139,1,3,5,1,4,47,3,6,47,9,2,2,4,2,0,8,7,0
London,9,White Fang,910,22,1700,30,7,3,4,69,1,1,8,12,4,4,18,9,0,2,0,0,1,13,9,24,0,6,0,39,0,35,1,0,14,0,0,4,1,0,5,12,3,66,7,6,2,4,0,0,4,0,2,3,23,129,8,1,4,2,2,44,2,4,37,8,1,10,5,0,1,10,14,0
London,9,White Fang,910,23,1700,32,14,3,3,64,0,0,4,8,3,7,12,9,0,2,1,1,0,6,16,27,0,1,1,40,2,32,4,0,18,3,0,4,1,0,8,14,2,58,3,5,3,1,0,0,4,2,4,3,30,112,1,4,7,2,12,45,7,5,60,11,5,7,3,1,0,17,3,0
London,9,White Fang,910,24,1700,38,6,2,5,61,0,0,11,11,8,4,12,8,0,0,2,2,1,12,6,14,0,4,13,43,1,20,13,0,19,0,1,12,1,0,6,17,3,49,7,4,2,3,0,0,4,0,3,3,22,105,4,3,6,3,6,52,5,11,53,11,2,2,3,1,0,11,7,0
London,9,White Fang,910,25,1700,29,5,0,1,62,2,0,7,12,5,5,18,8,0,1,5,2,3,15,10,21,0,1,4,36,4,25,6,1,15,4,0,2,2,0,5,15,4,48,7,8,4,1,0,1,8,0,4,2,19,112,3,4,10,2,6,48,2,13,47,6,2,15,4,2,2,17,4,0
London,9,White Fang,910,26,1700,27,6,0,4,60,2,0,10,9,6,6,8,6,0,0,3,1,2,16,5,24,0,3,0,30,2,30,3,2,21,5,0,8,1,0,6,17,2,60,13,5,1,4,0,0,9,1,1,7,28,108,7,3,9,3,8,37,6,4,47,21,6,9,2,0,0,9,5,0
London,9,White Fang,910,27,1700,26,11,0,3,74,1,0,10,8,5,13,12,13,1,3,6,2,0,14,6,34,0,4,2,30,2,23,3,3,23,2,0,3,0,0,4,11,0,45,7,4,0,2,0,1,8,1,0,1,12,125,20,3,3,2,13,44,2,8,37,15,3,10,4,3,0,22,7,0
London,9,White Fang,910,28,1700,23,7,1,4,82,3,3,11,12,2,7,14,10,0,1,6,1,2,10,6,20,0,0,0,40,0,34,3,3,15,1,0,6,0,0,7,14,0,35,5,6,2,4,0,0,4,1,0,1,13,109,2,4,4,3,10,46,4,7,37,6,3,4,1,3,0,21,0,0
London,9,White Fang,910,29,1700,32,6,0,5,75,1,0,2,21,3,6,13,8,0,1,1,3,1,7,9,24,1,3,0,35,1,38,3,1,20,3,0,5,1,0,7,13,4,47,8,5,5,2,0,2,5,1,3,6,29,117,0,4,8,1,9,38,4,3,66,8,1,6,3,2,6,10,4,0
London,9,White Fang,910,30,1700,39,7,2,3,73,1,0,10,9,5,3,16,7,0,1,5,2,3,9,8,23,0,0,3,38,1,28,4,1,20,6,0,6,0,0,10,12,1,50,10,5,0,4,0,2,7,0,3,3,22,104,2,2,12,0,12,44,5,5,53,9,1,7,6,1,0,25,0,0
London,9,White Fang,910,31,1700,21,8,1,3,78,1,0,10,12,4,4,13,8,0,1,4,2,0,9,5,15,0,3,0,74,0,30,4,0,21,2,0,6,0,0,5,11,1,53,23,7,2,1,0,0,1,1,2,1,20,105,5,2,5,0,9,48,6,3,38,11,1,4,1,1,2,14,6,0
London,9,White Fang,910,32,1700,41,11,0,1,53,1,2,3,16,6,1,13,4,2,1,3,1,1,8,6,6,0,4,0,41,3,19,7,3,10,1,0,1,1,3,6,5,1,33,15,9,1,3,0,1,1,5,0,1,21,102,1,5,6,0,5,40,6,4,25,10,3,5,0,5,0,14,0,6
London,9,White Fang,910,33,1700,36,6,0,5,49,3,1,13,18,7,4,15,3,3,6,6,0,0,12,7,25,0,2,0,30,2,12,4,4,28,5,0,1,1,0,6,8,7,28,10,1,4,3,0,0,4,4,2,3,18,87,2,4,5,0,4,55,4,1,26,0,9,1,2,1,1,12,2,0
London,9,White Fang,910,34,1700,33,11,1,7,73,3,0,8,16,4,4,15,8,0,0,6,2,2,8,6,23,0,1,0,43,1,30,6,0,34,2,1,1,0,2,11,8,4,53,15,3,2,1,0,0,3,3,0,2,19,116,3,4,5,2,10,35,3,4,34,5,1,10,3,0,2,13,2,1
London,9,White Fang,910,35,1700,32,4,1,5,67,0,0,9,11,5,6,16,8,0,1,2,1,1,6,9,24,0,1,0,49,0,39,6,0,26,1,0,1,2,0,2,11,3,60,8,4,2,4,0,3,2,1,4,1,28,112,0,0,6,1,11,45,1,4,46,2,2,9,3,6,2,15,4,1
London,9,White Fang,910,36,1700,33,6,1,7,51,0,0,9,17,4,2,9,7,2,5,5,1,1,3,9,15,2,4,0,38,1,35,4,2,18,2,0,2,2,0,7,12,1,38,12,8,2,1,0,0,1,1,0,3,21,110,4,7,6,0,3,43,4,5,41,4,7,2,3,2,2,14,4,1
London,9,White Fang,910,37,1700,30,8,1,3,60,1,1,13,4,3,4,12,9,1,0,5,1,0,6,11,13,0,2,1,26,1,23,4,1,16,0,0,3,2,2,4,6,7,33,9,1,4,3,0,0,5,0,1,2,9,126,2,6,6,2,2,33,3,3,32,9,7,6,0,3,1,16,1,3
London,9,White Fang,910,38,1700,27,11,1,2,79,0,0,11,12,1,9,13,8,0,0,10,0,1,4,12,19,0,2,24,21,0,19,1,3,26,0,1,1,0,1,9,4,7,42,16,4,2,1,0,0,4,2,3,2,11,129,2,3,4,3,11,37,5,7,43,6,0,5,0,5,1,16,1,1
London,9,White Fang,910,39,1700,30,13,1,3,70,2,0,10,15,7,2,13,6,0,1,1,2,0,13,9,21,0,4,15,32,0,24,4,0,15,1,0,4,2,0,9,14,2,52,8,3,3,2,0,1,6,1,0,4,24,104,6,8,13,2,11,52,6,2,46,11,3,14,2,1,1,11,9,0
London,9,White Fang,910,40,1700,28,11,1,2,76,3,2,13,11,2,1,16,9,2,1,2,0,3,10,5,22,1,3,5,29,3,30,3,0,22,0,0,2,9,1,4,16,1,39,10,4,3,4,0,1,3,0,1,4,14,145,3,6,12,2,2,37,3,5,37,13,1,7,1,1,2,12,2,0
London,9,White Fang,910,41,1700,37,7,0,2,91,0,0,9,14,6,4,14,4,0,1,5,3,0,9,5,18,0,2,4,36,1,41,4,1,18,1,0,4,2,0,10,13,0,42,15,6,1,2,0,1,4,1,1,3,18,112,6,3,8,1,6,32,3,6,35,9,1,5,0,1,0,23,6,0
London,9,White Fang,910,42,1700,48,7,0,2,73,2,1,10,5,4,3,15,7,1,1,4,2,1,12,5,17,1,2,4,32,1,29,3,6,22,3,0,4,0,0,7,10,1,37,8,5,4,2,0,1,1,2,0,5,21,120,6,4,5,1,8,40,3,4,35,4,1,8,0,0,4,15,2,0
London,9,White Fang,910,43,1700,35,15,0,6,72,3,0,12,13,5,1,11,9,1,0,5,1,2,16,5,14,3,2,0,34,0,36,3,3,11,0,0,2,3,0,6,10,1,56,16,7,0,0,0,0,4,1,3,1,23,123,3,6,7,2,4,35,5,4,37,13,1,3,3,2,0,14,4,0
London,10,Martin Eden,1056,1,1700,42,7,1,6,69,0,0,10,16,3,3,5,4,0,3,1,0,3,9,6,17,0,0,7,48,1,21,8,2,10,1,0,1,0,3,3,10,0,55,11,3,1,7,0,4,3,2,3,0,23,103,1,2,6,1,4,36,2,3,43,6,7,5,3,3,0,14,4,1
London,10,Martin Eden,1056,2,1700,36,10,1,9,70,1,0,12,14,4,5,6,12,1,1,5,1,0,10,10,16,0,4,28,35,2,33,3,0,20,1,0,0,1,2,3,3,0,67,12,2,0,2,0,0,2,2,8,0,26,122,0,3,7,2,7,38,3,4,41,10,4,1,1,4,0,16,3,1
London,10,Martin Eden,1056,3,1700,32,8,0,7,61,0,3,1,9,6,2,12,10,5,0,1,0,2,10,6,23,0,5,30,32,1,27,5,5,29,2,0,0,3,3,4,9,5,50,12,1,1,3,0,2,3,0,4,0,40,73,1,2,6,2,7,43,5,5,41,6,7,5,1,1,0,14,6,1
London,10,Martin Eden,1056,4,1700,25,6,3,12,73,3,1,8,14,12,2,5,9,1,4,3,1,0,14,5,18,0,2,11,35,3,31,0,0,21,0,0,3,3,2,6,13,1,60,11,2,2,8,0,4,5,2,5,2,37,73,4,5,4,3,4,57,4,6,52,10,12,10,3,2,0,14,13,2
London,10,Martin Eden,1056,5,1700,32,10,0,8,89,0,0,8,14,5,3,10,9,0,1,3,0,0,5,6,14,0,2,33,36,2,34,2,2,19,2,0,1,2,0,5,7,0,61,10,2,2,3,0,0,4,1,3,1,27,104,0,4,3,1,8,31,2,6,49,6,7,4,4,4,1,17,4,1
London,10,Martin Eden,1056,6,1700,56,3,0,4,66,2,0,17,10,6,4,11,7,0,3,1,0,1,7,6,29,0,1,36,36,1,22,7,2,28,1,0,2,0,1,8,9,3,55,8,3,3,2,0,0,3,0,2,4,26,65,4,3,4,2,5,33,2,0,50,6,5,0,6,2,0,20,4,0
London,10,Martin Eden,1056,7,1700,28,3,0,8,43,0,1,5,11,6,7,11,2,1,2,5,0,0,18,6,25,2,7,20,42,6,26,3,3,29,1,0,5,0,1,6,8,4,32,15,4,2,1,0,1,2,4,0,0,23,73,5,2,3,0,6,45,6,0,33,4,3,4,5,3,0,17,4,2
London,10,Martin Eden,1056,8,1700,49,7,1,2,78,1,0,14,14,5,5,11,5,0,0,0,2,2,4,8,20,0,3,35,40,2,28,3,0,25,2,0,0,3,0,1,9,1,57,11,2,0,1,0,0,3,2,2,2,22,96,3,5,7,1,2,43,6,2,34,17,5,3,2,4,0,12,4,1
London,10,Martin Eden,1056,9,1700,35,11,0,8,51,2,0,11,14,6,7,16,6,1,5,3,0,2,7,11,30,0,3,31,17,5,25,5,1,29,1,0,4,2,4,4,10,3,41,10,5,4,2,0,2,8,1,2,1,21,81,1,6,12,0,2,38,6,3,29,5,4,4,0,6,2,20,4,1
London,10,Martin Eden,1056,10,1700,44,3,3,3,82,0,1,8,12,7,3,13,8,1,3,5,2,4,16,5,21,0,5,19,28,4,35,1,0,13,1,0,7,5,0,5,11,5,47,11,4,3,2,0,2,4,1,4,4,24,86,6,4,5,2,0,37,1,4,32,9,4,3,10,7,0,21,9,0
London,10,Martin Eden,1056,11,1700,28,10,0,4,67,0,0,12,17,6,2,13,7,1,5,5,1,2,14,7,15,0,2,28,26,2,23,1,3,23,0,0,5,1,1,9,11,2,47,11,6,4,2,0,2,7,4,1,3,20,92,7,4,7,0,4,29,7,0,28,4,8,2,1,1,0,21,6,1
London,10,Martin Eden,1056,12,1700,33,7,1,8,73,3,0,4,10,7,1,9,8,1,3,1,0,2,10,3,16,0,2,14,28,2,28,0,7,27,0,0,5,0,0,5,15,0,59,7,8,2,5,0,0,9,1,1,4,24,111,2,4,9,0,8,38,9,8,40,11,5,9,3,6,0,16,4,1
London,10,Martin Eden,1056,13,1700,28,9,0,38,42,1,4,7,11,2,3,17,2,3,3,1,2,1,10,6,18,0,9,24,18,2,26,0,8,33,2,0,6,1,7,4,15,5,42,4,4,1,1,0,4,4,2,4,5,33,57,2,4,5,4,10,40,2,4,36,2,5,8,1,3,0,15,7,4
London,10,Martin Eden,1056,14,1700,19,8,0,5,85,0,1,18,5,5,4,8,10,3,10,4,1,1,12,5,25,1,4,21,29,1,16,4,12,38,1,0,2,4,2,3,14,5,47,9,2,1,1,0,2,7,1,2,2,30,73,3,7,6,0,3,33,6,1,31,4,8,9,4,2,2,13,4,5
London,10,Martin Eden,1056,15,1700,36,2,1,12,73,3,1,12,12,4,4,9,8,3,2,0,1,1,14,6,21,1,5,43,26,0,31,7,4,26,1,0,5,2,0,4,8,6,66,8,4,5,5,0,0,6,2,2,4,29,71,0,1,9,2,4,49,1,6,48,5,4,7,4,0,0,15,3,0
London,10,Martin Eden,1056,16,1700,44,9,0,11,80,1,2,3,5,4,7,12,7,2,6,0,0,1,18,5,22,0,7,15,38,3,27,6,5,19,1,1,3,0,1,2,8,1,60,7,3,2,5,0,1,4,0,4,6,34,69,3,1,6,1,5,45,5,4,44,9,3,2,4,6,1,12,7,0
London,10,Martin Eden,1056,17,1700,42,6,2,5,63,3,0,11,15,9,5,8,8,0,4,1,2,0,9,8,21,0,5,11,26,1,36,3,0,30,2,0,4,0,0,0,15,0,38,23,9,1,2,0,3,2,3,3,4,32,89,1,3,6,6,3,59,7,2,34,4,2,8,6,3,0,5,27,0
London,10,Martin Eden,1056,18,1700,32,2,1,6,76,1,2,5,16,12,6,15,5,4,0,0,1,1,13,5,13,1,6,19,32,3,28,3,8,16,0,3,5,6,1,2,15,1,43,13,3,3,5,0,2,7,0,0,4,35,77,1,7,7,1,6,48,4,3,28,6,3,6,7,3,3,19,5,1
London,10,Martin Eden,1056,19,1700,36,6,0,2,61,3,2,7,17,5,0,15,9,10,3,1,0,0,11,6,16,0,7,11,24,6,33,2,12,32,0,1,3,1,4,1,6,4,51,6,1,3,1,0,2,7,3,2,5,30,84,5,2,3,4,0,41,8,2,31,4,12,4,6,2,1,12,10,7
London,10,Martin Eden,1056,20,1700,28,5,0,6,64,3,1,9,9,4,3,18,8,0,2,1,1,0,6,9,15,0,3,14,33,3,29,1,2,28,0,0,4,0,1,4,16,4,47,12,4,1,4,0,1,13,1,0,2,32,92,3,4,6,4,2,50,5,4,39,16,4,4,5,4,0,12,8,0
London,10,Martin Eden,1056,21,1700,45,11,0,1,71,3,0,11,6,4,5,12,5,0,1,3,1,1,16,9,29,0,4,44,38,4,31,3,0,28,0,0,0,1,0,4,16,2,47,6,6,1,7,0,2,13,1,2,4,28,75,0,6,5,1,3,48,2,3,52,8,4,5,4,3,4,20,7,0
London,10,Martin Eden,1056,22,1700,33,8,0,2,88,1,12,16,11,7,3,10,7,3,8,6,1,0,11,6,20,3,5,25,29,6,27,0,7,18,0,0,1,1,1,0,15,4,29,17,5,6,3,0,3,6,0,2,1,33,83,0,8,5,1,4,51,3,2,29,10,8,7,3,5,1,19,6,3
London,10,Martin Eden,1056,23,1700,35,17,0,5,83,2,0,15,9,6,12,14,4,0,0,0,1,0,3,5,38,0,8,4,26,2,33,2,2,25,5,2,5,0,1,8,12,3,51,11,4,3,5,0,2,4,2,2,4,22,93,5,2,9,8,3,58,3,2,34,5,4,7,1,1,1,18,3,2
London,10,Martin Eden,1056,24,1700,30,9,1,0,52,2,4,6,8,12,2,21,3,3,11,1,2,1,19,5,15,0,8,10,12,7,31,3,15,30,0,0,6,1,1,3,17,2,37,9,5,4,5,2,3,6,1,0,1,37,71,7,3,4,2,1,44,3,6,24,9,16,6,1,1,7,15,6,4
London,10,Martin Eden,1056,25,1700,30,6,0,2,82,3,1,5,9,5,7,15,5,0,4,0,3,0,9,4,27,1,5,11,28,3,26,2,3,25,1,0,6,2,2,8,15,2,59,10,8,7,11,1,2,8,1,0,4,27,84,4,2,5,2,3,38,2,2,40,10,10,4,3,2,1,21,11,0
London,10,Martin Eden,1056,26,1700,24,8,0,2,68,2,2,15,7,2,2,18,6,5,2,2,0,0,7,4,21,4,7,24,23,3,31,5,27,50,7,0,4,0,6,5,17,5,46,13,1,3,6,0,2,10,0,2,1,25,82,2,2,13,2,3,42,5,1,29,3,2,6,3,2,2,22,3,1
London,10,Martin Eden,1056,27,1700,23,10,0,0,86,1,2,8,10,8,4,18,10,0,1,0,1,0,11,4,30,0,8,30,13,4,30,3,13,39,5,0,4,3,4,4,17,1,61,6,3,7,2,0,0,6,2,1,1,34,74,0,1,7,3,4,48,5,3,50,4,11,3,5,2,3,8,10,2
London,10,Martin Eden,1056,28,1700,31,7,0,3,83,0,0,9,10,9,5,10,4,0,1,7,1,0,9,11,27,0,1,0,33,4,19,7,3,12,0,0,2,0,0,3,12,1,40,16,5,0,2,0,0,2,2,0,0,29,106,7,3,10,1,0,38,3,4,34,7,1,10,6,1,2,14,6,0
London,10,Martin Eden,1056,29,1700,34,7,0,6,92,3,1,10,6,5,2,12,3,1,2,3,0,1,9,9,13,1,1,0,31,3,22,7,2,22,2,0,5,0,1,10,6,0,59,21,9,3,2,0,0,3,2,1,1,14,88,1,6,8,0,4,38,6,1,30,9,4,2,3,2,0,17,6,2
London,10,Martin Eden,1056,30,1700,51,6,0,11,59,3,0,8,15,8,3,14,8,9,8,6,0,1,22,6,9,0,2,1,23,3,26,4,5,25,2,0,1,0,5,6,0,0,23,15,5,1,4,0,0,3,1,0,0,15,95,2,6,6,2,4,45,17,0,26,4,2,4,3,3,0,11,3,5
London,10,Martin Eden,1056,31,1700,43,9,1,15,69,1,0,6,19,7,4,14,10,0,4,2,2,0,15,6,14,0,2,1,27,2,30,5,3,22,2,0,2,0,1,12,11,0,40,19,4,1,4,0,1,7,1,1,0,28,98,3,2,6,1,8,45,7,4,37,3,5,6,3,1,0,10,4,1
London,10,Martin Eden,1056,32,1700,38,11,0,11,65,1,2,11,10,0,2,11,5,6,6,13,1,1,13,3,17,0,6,4,26,2,26,1,2,29,1,0,0,0,1,4,17,3,33,14,3,1,2,0,0,3,2,0,1,24,85,4,1,2,2,4,43,7,0,47,4,4,6,2,0,1,6,3,2
London,10,Martin Eden,1056,33,1700,41,10,0,24,52,0,1,7,12,5,1,14,7,5,6,7,1,1,12,3,4,0,0,0,23,3,26,3,0,39,4,0,5,1,2,7,8,1,42,20,4,1,4,0,0,1,0,0,2,24,98,2,2,2,0,2,41,6,3,35,2,4,6,1,2,0,10,4,0
London,10,Martin Eden,1056,34,1700,29,8,0,5,74,0,0,7,4,9,6,16,8,0,5,2,1,2,23,6,13,7,6,37,17,2,36,1,22,28,1,0,7,2,10,8,14,3,46,10,7,0,4,0,3,6,4,3,3,29,65,7,6,5,3,4,30,3,4,28,4,8,6,1,4,1,16,10,2
London,10,Martin Eden,1056,35,1700,31,3,1,4,74,2,8,8,6,15,8,19,6,1,3,0,1,0,12,2,23,8,4,29,18,2,34,2,22,28,2,0,2,6,3,5,23,1,45,6,9,1,2,2,5,3,2,3,2,33,45,4,4,3,2,8,39,3,0,32,3,2,7,1,5,8,14,5,3
London,10,Martin Eden,1056,36,1700,22,3,0,2,82,1,1,12,9,5,6,15,7,4,4,1,3,0,6,10,16,0,3,40,34,0,27,3,1,29,1,0,5,0,0,5,13,2,46,13,3,2,3,0,0,9,0,0,3,25,104,4,3,4,3,2,47,1,3,39,6,3,7,3,0,1,16,7,0
London,10,Martin Eden,1056,37,1700,44,12,0,5,76,1,2,16,9,14,3,7,4,0,2,0,1,0,13,8,12,1,4,48,24,2,22,4,4,25,3,0,4,3,1,4,14,3,48,8,2,3,4,1,0,5,2,0,2,17,75,2,5,4,0,5,30,2,4,35,5,6,8,1,2,3,18,15,1
London,10,Martin Eden,1056,38,1700,30,11,0,1,74,3,13,15,5,9,6,21,4,5,3,1,0,2,16,3,11,3,18,22,17,4,29,1,13,16,0,0,3,2,3,12,23,2,31,4,2,5,2,5,5,5,1,1,5,28,52,7,4,5,1,2,31,3,0,31,11,10,4,1,3,5,14,4,7
London,10,Martin Eden,1056,39,1700,33,13,2,7,67,5,6,6,11,10,6,17,2,9,4,0,1,1,16,2,6,5,16,13,7,1,26,2,23,35,0,1,6,0,20,5,8,1,35,9,3,4,8,0,0,5,2,0,7,18,58,2,5,9,4,6,61,2,2,26,2,9,4,8,3,5,14,2,2
London,10,Martin Eden,1056,40,1700,43,5,1,4,75,0,0,15,7,8,1,8,7,0,1,3,2,2,23,11,18,0,4,22,16,1,37,2,3,26,2,0,5,2,0,4,10,1,60,19,8,1,6,0,1,4,1,0,3,21,126,1,1,6,1,5,40,1,0,41,7,4,8,8,0,2,9,3,0
London,10,Martin Eden,1056,41,1700,34,8,1,4,82,1,0,8,16,4,5,7,9,2,1,5,1,2,18,6,18,0,4,0,47,0,31,3,1,22,0,0,2,1,0,11,11,1,62,15,1,2,13,0,1,6,0,4,3,28,78,2,5,3,0,0,34,2,2,40,11,1,7,9,3,0,21,2,0
London,10,Martin Eden,1056,42,1700,26,10,0,3,66,3,9,11,9,5,0,13,9,0,2,0,2,1,8,4,15,0,3,17,21,2,28,1,15,27,0,1,5,0,0,8,23,1,48,5,7,4,5,0,2,7,0,0,6,27,91,8,4,5,0,3,35,4,2,34,11,8,8,5,3,0,13,4,2
London,10,Martin Eden,1056,43,1700,40,12,2,6,70,2,2,12,11,10,5,12,3,3,1,1,3,2,6,6,22,1,9,29,24,5,44,2,7,33,2,2,2,4,4,4,10,1,53,13,2,1,5,1,3,5,0,1,1,34,96,6,2,3,3,3,36,2,1,36,4,5,10,4,5,0,17,9,0
London,10,Martin Eden,1056,44,1700,40,9,0,5,67,0,0,7,6,9,5,8,4,3,7,2,3,4,23,4,24,0,16,9,24,4,22,2,0,28,1,0,0,3,1,11,7,4,44,13,6,0,3,0,0,3,0,2,0,18,96,2,6,9,0,5,51,2,4,32,2,5,3,2,0,4,8,17,0
London,10,Martin Eden,1056,45,1700,42,5,0,7,79,0,0,4,8,4,4,15,9,2,2,9,0,0,21,7,10,0,2,3,44,3,25,6,2,32,4,0,2,1,0,9,10,4,45,7,5,3,2,0,1,6,0,0,4,23,103,0,7,3,0,5,40,6,4,40,3,5,5,2,2,1,11,4,1
London,10,Martin Eden,1056,46,1700,27,5,1,0,71,2,0,9,5,6,6,10,7,4,1,4,1,0,23,11,24,0,4,29,28,3,27,1,6,29,0,0,8,1,1,6,16,3,39,11,5,5,3,0,0,7,2,4,7,31,99,2,1,5,0,2,42,2,3,38,7,5,8,5,2,1,11,12,1
London,10,Martin Eden,1056,47,1700,48,8,0,1,52,4,3,7,11,6,3,19,3,2,5,1,2,2,26,2,16,0,8,39,17,2,32,2,12,32,0,1,5,2,9,5,14,2,47,11,8,2,2,0,1,5,1,3,5,24,78,2,2,11,0,6,35,1,0,35,3,3,3,4,0,1,10,4,3
London,10,Martin Eden,1056,48,1700,40,4,1,6,57,0,0,5,3,3,7,13,7,2,5,2,2,1,19,8,27,0,1,10,44,0,37,2,1,28,2,0,4,1,0,2,12,3,68,14,9,0,1,0,1,6,2,2,2,19,110,3,1,4,1,6,36,1,4,39,8,5,5,5,8,0,16,2,1
London,10,Martin Eden,1056,49,1700,24,12,1,2,85,1,9,12,13,9,6,12,8,0,3,1,1,1,12,6,27,0,1,2,36,2,34,2,6,12,1,1,0,4,1,1,16,1,52,11,3,1,10,1,2,10,1,5,0,21,98,5,1,4,8,6,47,3,5,17,4,3,3,8,4,0,14,2,0
London,10,Martin Eden,1056,50,1700,24,9,0,3,57,1,7,14,5,7,3,14,2,3,7,1,0,2,12,8,12,2,5,15,9,4,25,3,23,22,1,1,3,1,7,5,16,4,51,8,3,2,6,0,1,8,1,1,7,31,96,0,3,7,2,2,39,9,1,14,7,9,3,8,3,0,9,2,4
London,10,Martin Eden,1056,51,1700,34,5,0,6,59,1,2,7,6,10,7,9,22,0,1,0,0,0,19,9,26,7,4,1,25,0,26,1,7,28,1,3,4,2,2,9,10,0,63,12,6,5,6,0,4,6,3,2,5,32,109,2,2,1,3,0,43,3,2,28,8,4,3,10,8,0,16,1,0
London,10,Martin Eden,1056,52,1700,48,8,3,5,55,0,1,12,9,6,9,8,13,1,0,1,2,1,30,10,18,0,1,1,34,6,30,2,4,30,0,0,5,2,2,5,9,1,54,9,10,4,4,2,0,3,6,3,2,29,113,4,1,3,1,5,43,1,3,29,11,0,4,4,4,2,5,8,5
London,10,Martin Eden,1056,53,1700,30,8,1,5,66,1,14,12,8,2,4,6,7,0,3,0,1,0,6,8,25,0,3,7,20,1,31,1,8,10,1,0,4,0,0,4,8,3,54,12,3,2,3,0,0,10,0,4,4,29,113,14,1,3,2,1,38,4,2,31,11,7,3,5,4,0,11,4,3
London,10,Martin Eden,1056,54,1700,29,6,2,7,64,4,3,11,5,2,6,9,13,4,2,1,3,1,9,5,15,1,6,22,20,4,21,7,2,22,0,0,3,1,2,4,5,2,61,8,6,1,5,0,2,4,0,2,4,18,97,4,3,1,1,5,28,2,1,26,13,7,4,9,3,1,13,3,11
London,10,Martin Eden,1056,55,1700,23,9,0,6,52,3,18,15,10,7,2,18,12,2,4,1,2,4,14,3,11,1,18,13,15,9,23,2,27,25,4,1,3,4,10,6,19,3,60,5,2,1,4,4,2,10,1,3,2,24,83,7,4,5,0,2,38,2,1,22,4,6,2,5,8,3,9,5,6
London,10,Martin Eden,1056,56,1700,29,8,0,7,57,1,4,6,3,8,6,13,7,2,17,1,0,1,20,11,12,3,31,14,16,3,28,0,26,29,2,3,5,1,20,6,19,5,35,11,4,0,8,1,1,8,2,2,3,26,63,6,3,5,4,7,49,1,3,13,4,11,6,2,4,4,11,2,7
London,10,Martin Eden,1056,57,1700,35,5,0,6,54,5,1,16,18,2,1,8,1,0,5,2,2,0,19,8,21,1,4,16,26,3,35,6,6,18,0,0,3,1,4,5,9,3,48,13,3,3,6,0,1,3,1,3,1,20,91,2,2,5,1,2,45,2,2,31,2,9,5,2,3,1,15,1,2
London,10,Martin Eden,1056,58,1700,39,4,0,7,58,1,9,12,8,0,5,13,15,5,4,3,2,0,10,7,7,1,7,2,19,4,18,2,7,21,2,0,1,1,6,10,12,3,48,13,4,4,4,0,1,3,3,2,0,22,79,1,7,8,2,4,43,6,2,25,8,10,0,7,0,1,13,0,4
London,10,Martin Eden,1056,59,1700,35,8,1,4,57,1,10,11,10,3,3,16,10,8,7,4,0,1,14,2,8,1,7,2,22,6,26,4,12,31,1,1,3,1,7,8,10,2,58,10,5,2,3,0,2,7,3,5,2,17,78,3,3,6,3,2,34,3,1,24,1,9,2,1,7,7,14,2,15
London,10,Martin Eden,1056,60,1700,22,5,3,11,53,2,3,7,15,12,1,13,8,2,2,2,1,0,18,9,18,1,9,1,33,5,20,4,7,19,1,0,1,1,6,5,15,1,37,7,4,1,0,1,1,4,1,3,2,24,97,1,5,4,0,4,47,1,3,26,9,12,3,5,3,2,13,9,2
London,10,Martin Eden,1056,61,1700,24,7,0,10,43,3,2,8,12,7,2,18,7,2,5,3,1,1,12,10,14,0,7,14,18,5,25,3,11,46,1,1,4,3,2,4,15,2,39,6,4,2,5,0,0,10,2,1,2,33,89,3,3,3,1,3,30,6,0,35,3,7,5,2,2,3,9,2,6
London,10,Martin Eden,1056,62,1700,35,5,2,15,45,2,4,12,7,7,4,8,8,2,7,2,1,1,10,9,16,2,4,16,26,4,28,3,8,40,0,0,3,1,5,9,3,2,55,6,7,2,4,0,0,2,2,1,2,20,91,2,0,4,0,3,47,6,2,35,5,6,3,2,5,0,22,2,4
London,10,Martin Eden,1056,63,1700,35,6,2,3,56,3,1,10,11,11,7,9,4,1,3,2,1,4,11,5,12,1,2,10,25,3,32,7,11,44,0,1,4,2,4,6,18,5,63,10,4,1,2,0,0,7,4,1,4,29,96,2,0,8,1,4,43,2,3,20,3,7,7,2,2,9,14,2,2
London,10,Martin Eden,1056,64,1700,49,7,1,5,70,1,1,9,15,2,2,10,8,4,0,2,1,1,15,5,8,3,3,0,19,6,34,6,6,12,1,0,0,0,1,9,6,3,45,10,4,4,9,0,1,3,1,0,0,16,95,5,0,7,1,4,40,3,1,26,13,5,7,3,6,1,19,2,1
London,10,Martin Eden,1056,65,1700,27,10,0,1,63,3,9,15,8,13,3,11,5,5,4,1,3,0,16,6,15,3,8,5,26,4,29,2,8,31,8,1,6,1,2,6,6,2,44,12,3,7,5,1,2,5,2,5,3,34,81,2,1,4,1,3,56,4,3,29,1,5,4,12,1,3,17,11,9
London,10,Martin Eden,1056,66,1700,34,7,0,9,58,2,11,7,16,2,4,14,11,1,9,0,1,1,11,8,20,1,3,3,12,2,29,1,19,21,3,0,2,0,4,7,13,1,58,14,3,3,0,0,1,5,2,4,3,32,105,1,0,4,0,6,48,4,5,31,6,5,2,2,10,5,14,0,8
London,10,Martin Eden,1056,67,1700,34,5,0,6,74,2,9,18,3,6,2,10,8,5,4,3,2,2,10,7,11,3,10,7,15,1,25,2,24,24,0,0,3,3,2,5,6,3,61,9,3,1,2,0,0,8,1,2,7,20,113,11,2,5,0,3,43,5,4,20,6,9,6,3,12,7,8,5,8
London,10,Martin Eden,1056,68,1700,46,4,1,5,62,0,2,4,6,6,3,17,8,4,5,2,1,0,20,6,9,4,9,1,18,2,16,5,12,41,1,0,2,2,4,7,18,2,47,15,6,1,2,0,0,1,2,2,3,22,95,5,3,4,0,5,45,0,1,28,6,8,3,2,3,9,11,2,9
London,10,Martin Eden,1056,69,1700,35,5,2,4,61,2,3,14,6,10,5,15,5,3,4,6,2,0,17,8,27,1,8,6,28,4,27,2,8,25,1,1,2,1,2,12,14,2,32,2,8,2,2,0,1,1,2,1,3,34,96,6,1,7,0,4,54,0,2,33,9,4,7,3,10,3,13,8,4
London,10,Martin Eden,1056,70,1700,22,8,0,7,61,4,4,8,8,3,10,10,9,2,4,3,3,1,17,7,27,2,12,6,32,6,27,2,7,31,2,0,4,2,5,4,19,3,28,16,7,2,1,5,1,4,2,2,3,32,96,0,3,4,2,3,43,6,2,48,10,7,4,2,4,2,11,4,4
London,10,Martin Eden,1056,71,1700,40,4,2,5,67,2,0,10,8,4,4,10,4,0,3,2,0,1,16,9,24,1,8,2,20,1,36,6,1,28,3,0,1,2,2,12,14,4,40,13,5,2,2,1,1,1,3,0,0,19,111,3,2,6,1,2,35,4,0,44,6,6,3,9,0,0,15,5,0
London,10,Martin Eden,1056,72,1700,46,6,0,4,59,0,0,5,12,3,9,9,7,1,4,1,0,2,20,9,33,0,5,15,25,5,29,8,4,31,2,1,3,0,2,1,15,3,50,12,6,1,3,0,1,7,1,3,2,30,104,3,1,4,1,3,44,1,1,26,10,5,8,2,5,1,14,10,0
London,10,Martin Eden,1056,73,1700,47,11,2,8,78,1,0,14,4,6,4,7,4,1,5,3,1,1,13,6,22,0,5,13,26,4,32,4,1,27,1,0,4,2,0,2,8,2,38,13,7,0,0,0,0,5,1,1,1,23,117,4,3,5,0,4,41,1,3,34,8,4,4,4,5,2,21,11,0
London,10,Martin Eden,1056,74,1700,30,11,0,7,60,3,6,7,3,7,4,14,2,4,7,6,0,0,12,2,21,0,2,28,22,1,30,6,2,34,2,0,1,1,2,5,11,4,31,15,1,1,5,0,2,10,1,1,2,21,85,2,5,4,0,1,38,5,1,33,2,6,0,5,6,0,24,2,2
London,10,Martin Eden,1056,75,1700,54,6,1,4,64,3,3,16,7,7,8,7,4,4,2,3,0,1,14,4,17,0,16,21,20,4,30,4,10,24,1,0,5,0,1,3,15,3,41,13,3,2,7,1,2,4,2,0,0,24,92,0,2,3,0,9,43,8,4,27,1,2,4,6,0,1,15,2,6
London,10,Martin Eden,1056,76,1700,29,7,1,5,65,4,1,0,12,8,5,15,14,0,0,2,3,0,17,5,35,0,5,4,26,3,20,2,1,30,2,0,2,1,0,3,14,3,46,8,2,2,2,1,1,4,0,0,5,35,118,2,2,0,0,2,57,4,2,50,9,3,3,6,9,1,11,5,2
London,10,Martin Eden,1056,77,1700,29,14,0,6,73,2,0,6,7,4,18,5,3,0,2,0,3,1,14,3,54,0,3,5,33,2,19,4,3,38,2,0,4,0,1,15,14,4,50,8,8,0,8,0,0,3,2,2,4,30,94,2,3,11,0,0,36,4,2,52,6,6,7,4,4,0,11,7,4
London,10,Martin Eden,1056,78,1700,30,7,0,9,68,0,7,7,14,8,2,7,5,3,2,2,1,1,18,5,13,1,7,4,27,7,33,1,8,29,0,0,7,0,4,7,8,7,39,7,7,2,0,0,3,3,0,1,3,17,107,3,8,3,0,2,40,4,0,24,4,2,11,3,4,0,16,8,1
London,10,Martin Eden,1056,79,1700,31,4,0,6,55,1,0,8,18,3,8,11,6,1,3,1,1,1,10,1,18,0,3,6,29,2,26,2,1,37,4,0,3,0,5,4,16,5,30,7,7,1,5,0,0,4,2,2,5,29,90,0,3,5,1,3,37,0,2,46,5,7,4,5,6,2,16,3,4
London,10,Martin Eden,1056,80,1700,32,8,0,5,49,2,2,7,4,1,6,14,0,0,3,2,2,0,22,3,11,1,15,16,20,1,29,4,21,24,1,0,5,2,13,10,22,13,31,7,4,0,1,1,1,10,0,0,2,34,54,0,10,3,0,4,46,4,3,21,6,10,10,0,3,2,11,6,11
London,10,Martin Eden,1056,81,1700,32,12,0,3,58,2,6,4,11,7,8,4,9,4,5,3,3,0,19,2,13,3,22,23,22,5,15,7,20,27,1,0,1,0,16,6,18,11,33,6,5,1,0,1,3,5,0,0,2,30,50,0,2,2,0,3,53,3,2,32,4,13,5,5,0,11,15,6,9
London,10,Martin Eden,1056,82,1700,42,8,0,8,62,0,0,6,8,6,3,4,4,6,1,5,0,0,31,6,18,0,1,3,32,3,34,3,2,17,2,0,3,1,0,6,9,7,42,14,2,0,1,0,1,2,2,1,2,29,74,3,4,10,0,5,39,5,2,34,6,1,7,4,2,2,17,4,1
London,10,Martin Eden,1056,83,1700,27,10,0,11,58,4,6,7,15,7,3,8,4,4,1,2,0,3,7,5,19,0,4,3,19,1,37,3,3,24,0,0,6,1,1,14,8,2,39,15,5,1,2,0,1,4,0,0,3,24,116,5,2,7,0,3,45,2,1,42,7,3,7,1,3,2,24,3,3
London,11,The Sea-Wolf,1074,1,1700,41,2,0,4,70,2,2,18,6,3,5,1,7,2,0,2,0,1,15,10,13,0,3,1,14,1,19,3,1,21,0,2,4,1,15,2,7,4,61,17,3,0,3,4,2,1,2,2,2,13,128,6,3,7,2,5,41,8,3,30,0,3,4,8,3,2,14,1,0
London,11,The Sea-Wolf,1074,2,1700,42,4,1,3,85,3,1,19,7,4,3,10,8,1,5,4,0,0,7,6,11,0,8,0,10,2,34,10,7,25,3,0,4,3,24,8,6,3,64,7,7,1,1,1,0,6,1,4,2,19,124,0,5,2,2,5,29,3,3,36,12,1,4,7,2,2,21,2,0
London,11,The Sea-Wolf,1074,3,1700,46,2,0,8,64,2,1,16,8,6,1,6,3,0,3,2,0,0,15,9,8,1,4,0,26,2,21,8,6,10,1,1,5,2,38,5,6,2,53,21,5,2,3,1,0,2,1,1,5,11,109,0,2,5,1,9,33,2,0,39,6,4,2,9,5,0,21,1,1
London,11,The Sea-Wolf,1074,4,1700,58,2,0,1,76,4,1,22,14,5,8,11,4,1,1,3,0,2,3,14,18,1,4,0,31,1,29,3,4,15,5,0,7,2,6,2,10,1,65,7,5,1,9,2,2,2,2,1,1,21,125,1,4,3,1,8,32,5,2,35,6,4,2,9,7,0,22,1,2
London,11,The Sea-Wolf,1074,5,1700,45,4,0,7,67,1,3,19,12,7,5,9,1,1,6,1,0,0,27,3,21,1,13,0,18,0,19,5,7,22,0,2,0,2,12,6,4,4,36,8,1,0,6,0,0,2,2,4,1,21,89,1,2,4,0,4,31,7,0,18,10,6,1,8,6,3,15,3,19
London,11,The Sea-Wolf,1074,6,1700,46,7,0,4,67,1,2,9,13,9,2,7,5,0,3,5,0,2,7,4,10,0,4,4,10,3,25,6,5,23,3,2,2,0,14,3,7,5,47,13,8,1,9,1,1,4,3,3,2,20,133,4,3,6,0,6,31,10,6,33,9,7,1,2,2,2,11,2,4
London,11,The Sea-Wolf,1074,7,1700,33,11,1,5,66,2,1,20,6,4,7,13,10,0,3,1,2,0,8,19,10,0,8,0,7,2,27,6,0,22,2,1,3,2,37,5,10,3,27,15,4,1,8,0,2,1,4,3,2,16,97,2,5,1,7,6,40,6,1,55,8,8,4,4,1,0,19,2,0
London,11,The Sea-Wolf,1074,8,1700,38,6,2,10,90,2,3,7,13,5,6,12,6,2,2,2,0,1,20,5,24,2,6,2,8,3,36,3,4,21,4,0,3,2,29,4,8,1,41,16,4,0,8,0,3,4,2,2,4,18,109,10,2,6,3,9,37,3,3,34,8,3,2,5,2,0,16,1,0
London,11,The Sea-Wolf,1074,9,1700,42,4,1,7,58,1,5,11,7,3,5,14,4,1,5,2,0,0,12,7,16,2,17,0,17,2,34,7,8,27,0,4,7,1,6,9,7,3,46,7,3,1,6,0,0,5,2,4,2,25,101,4,5,7,1,5,42,6,1,23,9,6,5,6,8,2,12,2,10
London,11,The Sea-Wolf,1074,10,1700,49,8,1,20,41,1,8,11,7,11,2,14,4,4,2,2,0,2,23,2,4,3,10,9,12,5,17,2,40,24,1,3,2,2,3,5,10,3,36,17,3,0,9,1,1,4,3,2,2,21,98,6,1,9,2,10,37,0,0,19,7,10,5,6,3,4,15,4,4
London,11,The Sea-Wolf,1074,11,1700,53,3,0,27,49,2,1,9,9,7,7,15,8,3,4,3,2,2,18,7,11,0,10,0,16,4,34,2,16,28,0,1,0,1,9,2,9,1,31,13,6,0,8,1,3,5,3,1,0,15,104,1,3,9,2,7,39,7,1,28,6,6,6,7,2,1,14,2,2
London,11,The Sea-Wolf,1074,12,1700,32,4,1,5,51,2,4,10,10,3,3,20,8,0,4,8,2,0,16,6,19,2,4,1,22,2,23,2,8,25,3,0,3,3,9,4,4,3,48,15,2,1,0,1,1,3,7,1,1,21,118,0,4,3,1,4,48,3,3,39,8,12,6,1,5,2,12,1,4
London,11,The Sea-Wolf,1074,13,1700,27,13,0,2,72,1,16,10,12,5,2,9,3,1,6,4,2,2,17,7,6,4,7,3,13,3,27,2,42,26,1,1,4,0,4,9,5,1,54,15,4,4,4,3,3,4,2,2,3,28,124,2,0,13,1,8,28,1,5,16,7,7,8,12,2,1,18,1,3
London,11,The Sea-Wolf,1074,14,1700,49,7,1,7,60,0,7,16,14,9,4,10,3,0,2,0,3,0,12,5,9,3,11,3,16,1,25,1,31,20,1,1,3,1,10,2,11,1,49,9,5,2,16,0,1,2,3,3,1,25,98,5,2,6,2,6,44,2,2,19,3,5,3,6,7,0,23,2,1
London,11,The Sea-Wolf,1074,15,1700,53,6,1,6,66,2,6,20,12,12,1,13,7,6,4,4,0,0,20,4,12,2,4,0,29,3,20,4,15,35,1,1,3,6,13,3,18,4,44,4,8,3,9,0,0,2,0,2,1,22,69,2,3,3,1,6,39,0,3,33,1,7,8,5,5,1,12,4,1
London,11,The Sea-Wolf,1074,16,1700,38,7,3,2,70,0,3,14,12,8,5,9,5,2,6,3,1,4,13,9,24,0,6,0,31,1,24,5,10,41,2,1,3,4,18,4,8,2,45,9,3,3,10,1,0,6,2,0,2,21,72,0,3,6,0,4,40,4,6,36,2,9,3,2,2,4,14,4,5
London,11,The Sea-Wolf,1074,17,1700,40,5,1,9,59,2,1,15,11,8,6,15,7,1,3,2,1,0,17,9,9,3,7,0,21,3,21,2,17,29,2,1,8,2,17,8,14,1,35,15,2,2,7,1,2,7,1,2,6,18,79,0,0,5,2,8,42,0,6,37,7,4,6,4,4,1,11,4,0
London,11,The Sea-Wolf,1074,18,1700,39,11,2,2,76,1,3,11,12,6,4,10,3,1,7,0,1,1,10,5,12,2,13,0,17,2,19,1,16,32,0,0,3,1,11,9,13,1,69,14,8,3,7,0,0,2,3,0,1,14,104,2,2,8,2,7,51,7,2,33,11,11,9,6,12,4,11,3,3
London,11,The Sea-Wolf,1074,19,1700,26,17,6,6,83,6,12,13,8,5,3,8,4,4,1,0,1,0,23,4,4,10,9,1,17,2,26,3,50,14,1,5,5,0,12,6,8,2,54,10,7,3,3,0,2,6,1,1,5,28,129,9,1,9,2,4,41,2,2,15,3,2,2,9,3,6,9,0,0
London,11,The Sea-Wolf,1074,20,1700,32,8,0,8,71,2,12,6,10,12,4,6,11,2,4,0,1,1,11,6,6,1,9,0,13,5,22,2,23,28,1,0,2,3,12,5,17,3,60,7,3,1,0,0,1,10,2,0,2,23,87,1,1,3,0,8,47,5,2,27,3,13,6,6,1,4,14,3,17
London,11,The Sea-Wolf,1074,21,1700,31,4,0,5,82,2,2,14,9,2,3,16,3,2,5,9,2,0,19,10,14,0,4,0,33,0,17,7,5,23,0,3,3,0,7,13,11,3,48,12,3,5,0,0,1,4,3,3,7,21,101,3,0,4,0,4,39,9,4,36,7,3,4,4,2,2,14,1,3
London,11,The Sea-Wolf,1074,22,1700,31,12,0,8,77,1,0,11,3,2,7,12,10,1,0,5,3,0,16,10,24,0,1,0,21,2,36,1,0,38,5,0,6,0,21,6,5,0,47,8,6,2,4,1,1,4,2,1,5,12,99,2,1,2,0,3,39,5,1,45,9,1,3,7,1,0,11,2,0
London,11,The Sea-Wolf,1074,23,1700,38,11,0,5,72,4,6,15,9,10,6,9,6,2,4,1,0,1,15,7,6,8,8,1,14,1,35,4,10,30,1,1,13,3,15,8,11,9,32,10,6,3,7,0,3,7,6,3,6,20,59,12,6,5,1,6,29,2,4,27,5,1,11,9,3,5,12,4,0
London,11,The Sea-Wolf,1074,24,1700,44,5,1,1,73,0,1,16,14,1,9,12,10,1,1,4,0,2,16,8,9,0,7,0,31,0,21,7,4,22,1,0,3,5,9,8,7,1,51,24,3,1,6,1,0,7,3,0,3,15,110,6,4,8,0,6,32,2,1,44,6,6,1,6,4,1,17,0,3
London,11,The Sea-Wolf,1074,25,1700,37,7,0,4,67,0,1,11,6,5,3,5,10,1,1,10,0,0,12,10,13,0,4,0,33,2,31,4,3,18,3,0,1,1,9,8,5,4,49,12,9,1,5,0,1,4,5,0,1,10,97,8,4,4,0,5,38,11,3,37,5,6,4,7,8,0,12,1,0
London,11,The Sea-Wolf,1074,26,1700,28,5,1,5,82,1,2,21,7,6,7,8,11,1,3,1,1,0,5,5,21,2,9,1,27,2,17,4,4,18,3,1,3,1,14,4,9,2,45,15,2,3,8,1,2,4,2,2,3,21,105,2,3,4,5,7,36,2,0,33,13,4,5,3,0,1,14,7,2
London,11,The Sea-Wolf,1074,27,1700,36,6,0,11,67,1,4,10,10,6,1,14,7,1,5,1,1,0,16,4,17,2,6,0,21,4,28,6,12,27,4,2,4,2,8,7,4,2,40,10,5,2,5,1,1,3,2,4,1,15,105,7,1,6,0,0,34,3,6,21,9,5,8,6,4,0,17,6,3
London,11,The Sea-Wolf,1074,28,1700,21,8,0,2,82,0,1,8,9,9,2,8,8,2,2,6,0,0,17,8,12,1,4,2,2,3,27,3,4,33,4,0,4,0,13,8,5,0,54,15,8,2,7,5,3,5,2,2,2,22,124,1,0,12,3,4,46,9,4,39,6,4,9,4,1,2,19,0,0
London,11,The Sea-Wolf,1074,29,1700,30,9,0,6,89,1,0,19,9,3,4,9,12,0,3,5,0,0,20,8,16,0,3,10,1,3,15,7,2,23,2,0,2,2,24,4,8,6,45,10,1,1,3,5,2,1,3,4,0,13,130,0,8,3,0,7,47,6,2,27,12,3,5,7,0,1,15,7,2
London,11,The Sea-Wolf,1074,30,1700,23,8,0,5,100,2,0,13,5,3,5,15,9,0,2,11,1,0,10,6,12,0,4,7,13,0,21,6,1,29,4,0,7,1,7,5,10,2,43,10,5,0,1,1,3,7,3,1,1,14,144,1,5,5,0,8,39,7,4,30,11,4,6,1,3,3,16,5,1
London,11,The Sea-Wolf,1074,31,1700,25,9,0,1,99,0,2,17,9,3,7,8,5,2,0,3,1,1,13,6,23,0,5,1,8,2,25,2,0,27,3,0,4,3,11,3,9,5,49,7,5,1,3,4,1,8,1,1,0,12,124,5,2,4,0,6,43,9,4,31,16,3,8,8,1,0,14,1,0
London,11,The Sea-Wolf,1074,32,1700,47,6,2,4,66,4,2,17,9,7,0,12,8,3,4,6,0,1,23,10,15,0,1,25,8,3,31,6,6,15,3,1,4,2,12,6,5,2,34,16,5,1,1,2,3,9,0,2,2,22,100,1,3,6,0,9,51,5,1,46,9,7,6,2,3,2,7,2,0
London,11,The Sea-Wolf,1074,33,1700,48,4,0,9,56,2,4,12,14,3,2,10,7,0,6,1,1,0,17,4,5,0,4,4,18,6,30,9,3,24,0,2,3,0,11,6,12,2,27,13,2,1,4,5,0,4,1,0,1,19,91,4,5,4,4,2,41,8,3,30,13,12,6,0,3,2,14,2,3
London,11,The Sea-Wolf,1074,34,1700,28,3,1,2,60,4,1,10,18,5,3,17,4,1,4,1,4,0,11,8,17,4,9,19,10,3,16,6,10,29,0,3,5,5,11,8,17,5,29,14,4,6,2,4,2,7,0,1,5,21,83,9,2,4,1,6,44,2,7,39,15,8,8,6,4,1,17,3,4
London,11,The Sea-Wolf,1074,35,1700,39,4,2,0,49,2,11,9,10,5,1,6,8,2,17,0,0,0,15,4,3,2,11,20,8,1,25,3,8,18,2,1,2,3,18,7,17,6,42,11,5,2,5,1,1,2,8,0,0,18,69,3,2,7,2,2,39,0,3,29,7,7,5,3,4,8,22,1,9
London,11,The Sea-Wolf,1074,36,1700,44,3,0,4,79,0,1,9,16,3,2,16,8,0,0,3,1,0,11,7,15,0,2,16,25,0,24,7,1,15,2,0,4,0,3,6,10,2,44,21,6,0,1,1,1,2,2,2,6,4,139,6,3,0,1,1,40,5,1,35,2,3,5,1,2,1,22,1,1
London,11,The Sea-Wolf,1074,37,1700,27,2,0,8,58,0,3,16,6,8,4,13,5,7,14,2,2,0,14,5,15,0,7,11,7,4,23,3,20,31,2,4,2,8,10,8,15,2,27,11,6,2,6,1,3,5,0,3,3,16,78,2,6,3,3,12,45,5,4,27,16,11,5,5,2,10,25,9,6
London,11,The Sea-Wolf,1074,38,1700,32,10,0,4,84,2,2,17,13,6,3,14,4,2,1,2,0,0,4,1,28,0,7,14,7,1,28,5,1,28,0,1,5,0,30,7,7,8,62,6,5,2,8,0,4,7,2,3,3,21,100,1,4,4,2,3,48,4,4,47,6,5,2,5,5,3,13,0,0
London,11,The Sea-Wolf,1074,39,1700,38,8,0,4,59,1,4,12,11,6,13,11,3,1,0,1,0,0,21,2,14,3,10,12,13,6,18,2,10,20,2,0,1,1,11,6,8,4,36,13,8,0,2,12,0,10,0,0,4,22,101,12,3,5,1,4,46,7,1,30,11,7,6,8,3,1,7,3,3
London,11,The Sea-Wolf,1074,40,1700,30,6,0,5,71,1,7,19,17,13,3,12,5,2,8,1,2,0,17,8,11,0,6,6,18,3,25,5,10,18,1,1,7,4,9,3,11,1,41,15,4,2,3,4,1,1,2,0,6,9,97,7,3,4,2,2,32,5,6,21,9,9,2,6,2,1,12,0,6
London,11,The Sea-Wolf,1074,41,1700,38,6,0,2,64,1,7,13,18,6,3,15,12,1,4,7,2,0,9,6,16,0,5,12,19,4,25,8,12,21,5,3,4,2,7,4,6,6,33,10,1,3,4,7,1,3,1,0,5,17,121,1,4,8,0,2,51,2,2,26,5,3,4,3,3,4,9,0,4
London,11,The Sea-Wolf,1074,42,1700,36,4,1,3,67,0,0,18,18,3,6,11,4,1,1,4,2,4,13,13,14,1,2,7,16,3,26,5,3,22,5,1,3,0,2,4,8,6,42,5,7,0,4,18,1,6,1,1,4,17,136,3,3,7,0,3,37,2,7,38,18,0,4,8,1,1,11,2,2
London,11,The Sea-Wolf,1074,43,1700,34,10,1,3,79,5,0,15,10,7,2,10,5,2,8,2,2,1,16,5,24,1,5,1,25,4,28,4,14,26,1,1,3,2,9,12,7,6,46,7,6,4,5,2,1,3,0,1,2,15,111,3,1,5,2,3,41,2,5,32,9,4,5,4,2,3,13,4,1
London,11,The Sea-Wolf,1074,44,1700,33,7,0,5,66,1,5,24,10,8,1,13,10,0,2,4,1,0,16,5,23,1,4,14,25,4,25,7,12,27,0,3,2,1,17,5,10,3,39,14,2,0,6,2,4,7,4,0,2,15,102,1,5,4,0,2,41,4,6,34,3,5,3,3,1,3,8,3,1
London,11,The Sea-Wolf,1074,45,1700,41,7,2,4,63,1,2,24,14,3,2,14,5,3,5,1,1,1,18,11,16,1,7,14,34,1,23,6,6,20,3,1,2,3,25,8,7,0,28,17,3,4,1,1,2,7,0,1,1,11,80,1,7,4,2,2,33,3,3,39,7,11,3,4,0,3,12,6,1
London,11,The Sea-Wolf,1074,46,1700,30,6,0,2,80,1,8,16,10,5,4,14,4,1,1,5,0,1,8,12,15,0,5,38,3,5,27,2,4,34,6,1,5,2,21,1,5,2,44,15,7,5,3,1,2,11,1,2,2,17,120,6,3,3,1,4,33,4,3,29,6,1,6,5,2,3,13,5,1
London,11,The Sea-Wolf,1074,47,1700,28,4,0,12,81,2,3,12,5,5,7,10,4,2,4,3,3,0,12,4,20,0,6,20,1,4,27,4,10,39,1,0,2,4,12,10,10,9,34,14,7,4,3,4,2,8,1,1,4,8,106,0,8,3,0,6,43,4,1,27,4,4,9,6,0,4,12,1,1
London,11,The Sea-Wolf,1074,48,1700,25,9,1,1,97,1,2,9,11,4,2,18,7,3,0,4,1,0,13,8,9,0,5,23,0,3,28,2,1,22,8,0,6,4,10,10,12,0,44,8,4,3,2,8,1,4,1,6,5,22,116,0,0,4,4,2,33,2,3,41,12,3,9,5,2,0,12,3,1
London,11,The Sea-Wolf,1074,49,1700,45,3,0,7,81,0,3,16,8,7,4,18,3,1,7,5,0,2,7,14,11,0,8,11,2,3,25,5,3,29,1,3,3,5,19,7,6,5,43,8,0,1,3,5,4,6,2,0,0,15,114,1,3,8,0,4,33,5,7,26,6,6,3,5,2,1,14,3,3
London,11,The Sea-Wolf,1074,50,1700,35,6,2,5,61,1,4,8,9,12,2,14,9,0,4,2,0,0,22,9,18,0,4,13,1,6,21,5,7,22,4,1,0,5,17,4,11,1,46,16,5,2,3,12,3,9,3,2,2,17,111,1,3,11,0,4,40,4,3,33,9,5,6,2,4,3,18,3,0
London,11,The Sea-Wolf,1074,51,1700,28,6,0,6,64,3,5,13,12,4,3,12,4,1,9,2,1,0,11,2,12,0,9,14,7,7,18,4,4,21,1,1,3,2,24,4,13,6,37,5,5,1,3,0,2,5,0,2,3,20,99,3,3,6,1,3,31,3,5,24,8,7,4,4,2,3,16,4,4
London,11,The Sea-Wolf,1074,52,1700,38,6,1,4,77,2,2,14,5,5,3,19,6,1,2,3,1,1,18,11,26,0,10,22,0,0,25,2,11,43,0,0,2,1,15,4,10,4,46,13,5,4,5,7,3,5,1,1,4,20,114,2,3,4,0,8,25,6,4,34,9,3,4,8,1,3,16,2,0
London,11,The Sea-Wolf,1074,53,1700,26,7,0,5,64,1,5,17,15,6,1,9,5,2,3,5,0,0,15,4,16,1,9,9,7,3,17,1,6,23,0,0,1,2,33,9,9,2,41,14,4,3,5,5,1,2,4,1,2,16,109,3,3,15,2,3,47,4,4,41,9,8,3,5,1,0,11,7,5
London,11,The Sea-Wolf,1074,54,1700,23,15,0,1,55,1,4,10,11,10,5,18,2,0,5,7,2,1,14,9,13,0,6,14,21,5,13,5,4,23,1,3,3,2,21,10,17,2,32,17,4,3,2,2,4,5,4,2,0,10,88,0,5,8,1,3,26,4,1,34,8,6,4,5,0,0,10,2,3
London,11,The Sea-Wolf,1074,55,1700,24,4,1,5,78,1,0,17,6,7,3,11,5,8,7,6,3,0,13,6,17,2,4,11,38,5,21,7,5,29,0,0,3,0,22,3,7,5,50,16,6,3,6,0,2,11,0,1,4,20,108,0,6,5,1,8,34,5,1,40,9,9,5,8,1,1,11,1,0
London,11,The Sea-Wolf,1074,56,1700,20,5,1,3,55,0,6,18,9,3,3,14,6,3,9,7,2,0,18,2,12,2,6,10,9,5,30,1,6,25,0,0,3,3,21,6,5,7,42,11,4,1,1,1,1,9,3,1,2,17,101,2,6,12,3,4,51,1,1,32,8,8,6,6,0,0,12,0,7
London,11,The Sea-Wolf,1074,57,1700,30,10,0,6,73,0,1,9,15,11,1,13,6,2,6,5,1,0,17,4,18,2,14,12,3,5,18,2,6,34,4,0,7,1,16,3,16,7,33,13,1,1,1,4,1,9,0,2,3,20,104,2,3,5,2,7,45,3,0,25,3,8,7,6,3,9,15,5,1
London,11,The Sea-Wolf,1074,58,1700,20,6,0,1,81,0,5,8,11,4,6,16,5,1,2,4,2,3,10,5,19,1,9,20,2,4,26,3,4,27,3,2,6,3,11,7,15,6,21,17,1,7,2,13,0,4,0,1,1,12,106,1,8,4,0,0,45,6,0,28,12,3,3,4,1,2,8,4,3
London,11,The Sea-Wolf,1074,59,1700,29,5,1,2,68,1,0,16,14,7,4,10,7,1,3,7,1,2,11,2,18,1,6,16,29,4,27,3,3,20,1,3,8,4,28,8,13,0,36,14,7,0,3,3,1,7,4,2,2,20,92,0,3,11,2,5,41,5,1,34,10,4,5,5,1,0,16,4,0
London,11,The Sea-Wolf,1074,60,1700,25,6,1,1,57,0,5,13,15,5,9,10,7,3,2,5,1,0,14,7,22,1,5,19,31,3,29,2,7,31,0,0,3,3,29,6,12,6,31,10,2,4,8,3,0,7,0,0,2,29,96,0,6,3,0,8,34,3,0,34,5,1,3,5,1,2,12,3,2
London,11,The Sea-Wolf,1074,61,1700,23,5,0,1,72,0,0,11,8,8,2,10,12,4,3,4,2,1,16,8,22,0,2,8,8,0,24,4,6,33,3,0,2,0,13,2,12,3,58,17,3,1,1,9,1,5,1,0,1,12,148,3,8,2,1,6,56,4,2,32,8,4,5,7,0,5,13,5,0
London,11,The Sea-Wolf,1074,62,1700,31,9,0,4,63,0,7,13,9,6,3,12,2,5,5,3,0,0,18,4,15,1,9,26,10,1,26,1,8,26,1,0,5,3,23,12,6,2,33,12,5,5,1,2,0,10,4,1,4,16,102,1,8,14,0,4,33,7,0,27,6,5,5,2,1,6,9,3,2
London,11,The Sea-Wolf,1074,63,1700,29,7,1,3,84,0,0,13,14,6,1,17,5,3,3,4,2,2,7,5,22,1,3,21,0,2,22,8,2,31,3,1,1,3,20,4,10,5,32,13,3,1,1,4,2,6,0,1,0,11,124,0,4,9,0,3,57,5,8,38,7,2,5,4,0,0,9,4,4
London,12,Before Adam,310,1,1700,23,9,0,3,73,4,1,13,8,2,0,4,3,1,3,3,1,3,11,11,11,2,4,0,7,0,40,1,6,13,0,0,2,0,60,5,6,0,76,13,10,4,6,3,0,3,0,2,0,31,122,7,3,1,2,6,15,8,1,25,10,4,2,3,2,0,16,3,2
London,12,Before Adam,310,2,1700,35,10,1,7,70,2,7,13,11,9,4,14,6,1,3,0,1,1,3,5,7,7,15,0,2,2,40,4,32,25,0,1,6,3,35,3,13,4,92,1,9,7,2,9,2,4,3,5,2,45,80,8,2,4,3,21,30,2,3,17,5,2,7,3,2,2,11,2,1
London,12,Before Adam,310,3,1700,38,11,1,7,84,1,6,15,13,4,1,9,8,1,3,4,0,1,9,11,10,0,5,14,8,0,32,7,10,28,0,0,4,3,32,6,14,1,62,11,5,2,6,1,1,5,2,2,4,23,104,3,5,10,0,11,29,3,3,47,5,6,2,2,2,3,9,2,1
London,12,Before Adam,310,4,1700,30,7,3,4,82,1,0,12,7,2,1,7,13,4,4,4,1,0,10,7,11,0,7,1,20,3,30,1,8,16,3,1,4,2,34,14,14,5,46,10,11,8,7,7,1,2,2,3,4,26,98,3,3,8,4,5,35,3,1,36,14,4,2,1,1,2,21,0,1
London,12,Before Adam,310,5,1700,31,7,1,7,70,6,1,17,8,3,3,14,12,2,1,2,1,0,18,7,14,1,15,6,16,0,32,3,4,21,0,2,5,4,40,9,13,2,48,9,5,1,3,4,2,5,2,2,6,16,101,1,3,6,1,5,46,7,2,56,10,2,4,6,0,0,12,2,0
London,12,Before Adam,310,6,1700,37,10,0,8,67,0,1,11,14,2,7,13,10,0,3,4,3,1,6,13,24,1,13,2,19,1,29,3,2,12,0,2,1,2,19,3,13,2,63,16,13,2,1,5,1,6,5,2,0,24,119,7,3,6,0,11,30,4,2,42,16,4,4,2,1,0,14,2,0
London,12,Before Adam,310,7,1700,29,8,1,2,79,1,0,8,20,2,2,14,8,0,2,8,1,1,9,5,15,0,2,0,12,0,20,13,1,19,0,0,2,0,8,3,11,1,43,6,7,3,2,5,0,6,3,2,8,16,123,2,5,3,2,12,33,15,4,37,11,2,5,0,1,0,21,0,0
London,12,Before Adam,310,8,1700,27,10,0,3,65,2,0,12,12,6,4,13,6,1,4,2,2,2,8,8,19,0,4,2,21,0,33,3,0,23,1,0,7,3,3,6,10,1,55,7,12,0,8,16,0,4,1,4,10,23,114,2,6,8,2,10,43,4,3,45,16,7,6,2,2,1,12,4,0
London,12,Before Adam,310,9,1700,30,4,3,3,89,1,2,14,12,3,2,13,3,0,3,13,0,0,7,5,9,0,6,0,24,0,24,7,2,22,1,1,3,0,13,5,6,0,55,12,6,2,3,3,0,4,4,0,4,21,122,2,7,10,2,10,32,12,2,37,4,0,7,3,1,0,17,4,0
London,12,Before Adam,310,10,1700,28,6,1,1,76,3,0,5,12,4,6,16,4,1,2,2,4,0,16,9,17,0,11,2,12,2,30,4,2,29,0,2,6,1,5,9,12,0,58,3,15,3,7,11,1,6,7,1,5,19,117,2,5,3,1,6,39,5,4,42,20,3,8,10,3,0,15,6,0
London,12,Before Adam,310,11,1700,34,1,1,6,72,3,5,8,13,1,4,11,11,1,2,4,1,1,14,8,21,1,8,2,16,0,19,7,5,15,4,1,5,1,4,5,14,0,49,8,9,1,2,17,1,2,2,2,8,18,118,2,9,5,1,5,41,7,3,30,13,1,6,2,5,0,17,3,0
London,12,Before Adam,310,12,1700,31,3,1,2,89,1,0,13,20,0,2,8,9,0,0,9,0,1,9,9,20,0,3,3,33,0,25,9,0,17,1,0,2,1,13,3,6,4,47,13,5,3,4,8,1,2,1,2,0,5,128,2,4,5,0,6,29,7,3,31,3,0,6,3,3,0,23,0,0
London,12,Before Adam,310,13,1700,26,5,3,0,85,0,0,6,6,1,2,9,3,0,1,8,2,1,12,16,12,1,6,20,8,0,21,2,0,24,4,1,4,1,11,0,19,0,40,14,8,1,3,23,0,4,2,1,4,19,98,0,10,6,0,6,43,5,9,37,16,1,10,3,5,0,11,2,0
London,12,Before Adam,310,14,1700,22,7,2,3,85,2,0,12,9,4,2,9,8,1,1,3,2,0,11,6,11,0,13,19,11,1,25,6,13,22,1,2,7,3,16,5,12,2,50,7,13,6,5,10,0,5,0,3,2,28,97,1,4,5,2,7,41,2,1,33,14,0,6,2,2,1,20,6,0
London,12,Before Adam,310,15,1700,34,5,4,1,93,1,1,4,13,3,1,11,5,0,2,6,1,2,13,11,11,0,6,0,10,0,31,4,5,20,2,0,8,0,1,11,9,0,41,16,4,1,1,19,0,5,1,2,4,22,122,9,6,8,1,7,38,4,3,27,28,2,1,2,2,1,8,4,0
London,12,Before Adam,310,16,1700,27,4,3,3,102,1,1,16,12,2,3,10,8,0,1,3,0,2,15,11,19,0,5,1,9,3,23,5,0,26,0,0,10,1,4,5,21,2,34,13,2,0,1,10,0,7,1,0,6,15,130,19,6,8,0,2,34,8,3,33,25,4,6,3,3,0,11,2,0
London,12,Before Adam,310,17,1700,40,4,0,0,87,0,0,7,9,2,1,8,16,0,1,7,1,0,9,6,19,0,5,1,1,0,29,6,1,25,0,0,4,4,5,2,7,0,53,13,4,1,2,14,1,2,4,1,2,18,146,9,5,10,0,7,34,8,7,34,20,1,5,4,1,0,15,0,0
London,12,Before Adam,310,18,1700,32,5,1,6,76,3,0,4,6,5,0,9,9,0,1,1,1,0,11,5,13,0,2,7,14,0,26,9,2,23,1,0,1,0,6,9,11,0,60,3,17,4,4,18,1,4,1,0,2,25,123,5,3,8,2,8,40,10,8,46,16,1,8,2,0,0,17,5,0
London,12,Before Adam,310,19,1700,25,5,0,6,72,4,0,17,9,0,1,10,7,0,0,2,2,1,15,11,15,0,7,1,18,1,22,3,4,28,2,0,3,1,22,8,12,2,65,10,16,3,1,3,1,3,2,0,0,21,131,5,2,5,0,4,32,6,1,38,14,0,3,0,3,0,15,1,0
London,12,Before Adam,310,20,1700,32,2,1,7,88,3,0,10,12,4,6,9,3,1,1,8,0,0,14,12,15,0,12,35,1,2,23,5,6,20,0,2,11,4,10,6,9,2,39,13,15,0,4,8,0,3,2,3,3,33,111,2,5,15,0,4,42,7,5,42,12,2,6,1,2,0,9,6,0
London,12,Before Adam,310,21,1700,28,5,1,4,78,0,0,11,7,0,7,12,5,0,2,9,3,1,17,14,16,0,17,38,19,0,24,6,1,34,0,0,0,1,11,5,16,1,36,14,18,3,1,4,1,6,0,2,2,24,104,4,4,5,0,7,37,2,6,56,5,3,8,1,0,1,9,14,0
London,12,Before Adam,310,22,1700,32,6,2,4,74,1,1,7,15,3,10,14,10,0,0,8,0,1,7,6,15,1,8,5,10,1,25,4,0,17,1,2,1,6,8,5,15,2,67,11,15,1,1,7,0,5,4,0,3,14,132,13,2,4,1,11,39,10,3,29,19,1,5,0,2,0,14,6,0
London,12,Before Adam,310,23,1700,24,3,1,4,88,0,4,5,13,0,2,15,11,0,2,7,2,0,12,14,16,0,6,11,15,0,35,10,4,17,2,0,3,2,1,6,21,1,52,8,14,2,0,14,0,2,1,1,2,13,120,8,6,7,0,4,25,3,7,21,22,2,5,3,0,0,13,2,0
London,13,Burning Daylight,746,1,1700,31,16,0,5,84,1,2,6,9,3,4,6,12,1,0,0,2,0,10,13,20,0,2,2,14,2,30,3,3,18,2,0,0,1,8,4,6,0,48,14,6,2,1,0,0,2,1,0,2,12,148,7,3,2,0,2,34,9,0,32,14,1,5,4,4,0,25,1,3
London,13,Burning Daylight,746,2,1700,50,8,1,5,64,2,0,9,14,2,2,16,7,0,1,1,3,1,16,13,17,0,2,5,35,2,32,1,2,15,1,0,4,1,1,7,13,0,40,16,4,1,5,0,1,2,1,1,7,22,108,3,1,5,0,6,45,2,2,54,12,2,9,4,5,1,20,3,1
London,13,Burning Daylight,746,3,1700,50,20,1,5,67,0,1,10,17,1,1,10,8,1,2,4,0,0,14,2,12,0,1,8,23,3,37,4,4,22,0,1,7,1,2,12,3,3,33,20,7,0,3,0,0,1,2,0,1,20,108,4,3,5,0,4,35,6,1,25,9,3,3,2,2,1,13,2,2
London,13,Burning Daylight,746,4,1700,38,14,0,3,70,3,3,5,11,2,3,9,6,4,3,2,1,3,22,10,8,0,3,12,43,3,18,2,4,17,0,0,3,1,3,6,15,4,39,19,6,5,3,0,0,6,0,1,1,18,92,1,4,1,1,6,25,5,1,25,7,8,3,0,2,0,7,0,3
London,13,Burning Daylight,746,5,1700,34,19,0,5,60,3,2,11,4,0,3,11,11,3,2,10,2,1,4,8,6,0,2,5,36,2,41,3,4,11,1,0,8,0,8,7,5,0,37,23,14,3,5,0,0,3,4,1,3,13,84,10,3,2,1,8,24,3,4,19,7,2,3,0,3,2,13,0,4
London,13,Burning Daylight,746,6,1700,51,16,0,6,75,0,1,9,5,5,1,7,3,1,2,7,0,1,14,13,7,2,2,1,30,5,33,3,1,9,0,0,4,0,8,8,2,6,41,11,7,3,7,2,0,7,1,1,1,13,93,3,3,3,0,7,31,7,1,25,3,2,7,2,0,3,11,0,1
London,13,Burning Daylight,746,7,1700,43,10,1,8,69,1,0,5,9,8,0,14,7,2,2,3,1,0,11,8,6,0,1,0,12,5,35,2,6,27,9,0,2,2,0,11,4,2,42,20,8,1,1,0,0,6,4,1,2,15,124,12,4,7,0,3,29,6,1,22,14,3,1,3,0,0,14,10,2
London,13,Burning Daylight,746,8,1700,41,5,0,5,80,1,0,4,14,4,2,6,13,0,1,7,0,0,12,3,11,0,2,0,15,1,28,9,1,14,0,0,5,2,0,9,4,0,54,18,5,3,2,0,0,6,0,4,2,14,143,19,3,3,1,7,24,4,0,32,17,6,6,1,0,0,19,2,0
London,13,Burning Daylight,746,9,1700,33,6,3,4,68,1,0,8,16,13,2,13,5,0,1,9,1,1,10,9,13,0,1,0,19,3,27,4,3,24,4,2,2,4,0,2,13,3,55,17,4,5,2,0,2,2,2,4,2,17,154,8,0,2,0,7,30,12,1,24,8,0,4,3,0,0,11,5,0
London,13,Burning Daylight,746,10,1700,26,6,0,7,69,0,0,15,22,3,0,7,13,0,1,8,2,1,8,5,11,0,2,0,21,2,29,3,0,12,0,0,5,0,0,3,6,2,43,25,4,2,5,0,1,1,0,3,3,15,137,7,1,4,0,4,39,8,0,30,13,1,9,0,0,0,10,1,0
London,13,Burning Daylight,746,11,1700,35,12,0,3,101,0,1,12,16,3,0,2,10,1,5,5,2,3,7,2,16,0,2,1,33,1,27,5,0,20,1,0,1,0,0,3,3,1,57,14,9,1,4,0,0,1,1,1,2,14,138,5,0,1,1,2,29,8,1,40,14,2,3,2,6,0,14,7,2
London,13,Burning Daylight,746,12,1700,38,20,0,7,96,2,1,12,17,7,2,10,3,0,2,7,1,1,9,4,10,1,2,2,24,1,29,4,5,26,8,0,2,2,2,4,2,3,31,19,6,0,1,1,0,4,2,2,4,21,96,3,5,2,0,1,41,6,4,47,6,1,5,0,2,1,13,4,2
London,13,Burning Daylight,746,13,1700,38,25,0,8,66,1,1,5,18,8,3,16,5,0,2,2,1,0,15,4,15,0,4,0,18,4,35,3,3,24,0,0,4,1,0,2,7,0,53,32,4,1,10,0,0,4,0,0,3,20,113,13,2,3,0,6,21,5,3,36,8,3,7,0,0,5,10,6,2
London,13,Burning Daylight,746,14,1700,37,5,1,5,79,0,1,9,3,4,6,11,4,4,2,8,3,1,18,10,19,0,7,0,10,2,30,7,0,18,5,2,5,1,1,4,9,1,63,14,8,4,2,0,2,5,1,0,1,18,147,7,3,3,0,3,36,7,1,33,12,5,6,0,4,1,17,7,0
London,13,Burning Daylight,746,15,1700,24,10,0,5,66,2,0,8,14,3,3,12,8,0,1,14,0,0,15,11,13,0,3,0,30,8,24,9,1,23,3,2,8,1,0,2,12,1,57,27,5,1,2,0,2,4,1,2,3,23,155,4,2,2,1,6,40,5,0,27,4,0,10,2,1,1,10,9,2
London,13,Burning Daylight,746,16,1700,34,15,1,4,95,1,0,11,7,12,7,7,9,0,0,3,1,0,9,5,24,0,1,0,24,5,26,8,0,33,3,0,4,3,0,3,13,2,37,17,3,1,3,0,0,1,0,2,3,28,127,2,8,3,2,2,30,4,2,38,9,3,6,1,2,0,13,9,0
London,13,Burning Daylight,746,17,1700,52,7,1,2,82,1,0,7,13,8,5,14,7,3,4,8,0,0,11,6,10,0,3,0,31,3,27,5,5,18,2,0,4,1,2,5,2,2,34,28,3,2,2,0,0,2,2,1,3,17,83,2,4,8,0,8,47,16,1,25,4,3,4,0,5,0,14,2,1
London,13,Burning Daylight,746,18,1700,38,25,1,6,55,3,2,10,10,2,4,12,5,2,6,7,0,0,22,11,15,1,2,2,15,8,35,2,7,28,1,0,3,1,3,5,3,1,37,17,9,2,3,0,0,2,3,1,2,9,83,7,6,4,1,8,38,8,0,16,11,7,7,2,6,1,11,0,2
London,13,Burning Daylight,746,19,1700,43,10,1,2,71,2,2,14,11,3,4,9,5,2,0,7,3,2,17,10,20,0,2,0,29,5,24,6,1,18,1,0,2,0,2,6,3,1,49,23,11,2,2,0,0,2,3,0,4,23,105,3,2,2,0,7,44,10,0,31,12,1,8,4,5,3,9,2,1
London,13,Burning Daylight,746,20,1700,51,15,0,5,57,0,3,11,6,8,2,12,3,2,3,5,1,1,21,9,13,1,1,2,21,1,37,1,3,29,0,0,7,0,0,5,4,6,49,18,7,1,1,0,2,4,1,3,4,28,80,2,2,3,1,2,48,6,0,34,5,6,8,5,7,2,9,1,0
London,13,Burning Daylight,746,21,1700,40,10,1,6,65,5,0,10,7,2,5,12,7,0,1,3,1,0,12,12,26,0,2,5,21,0,45,4,0,17,1,0,4,0,0,4,9,1,55,10,8,2,5,0,1,3,0,3,4,15,139,7,1,1,5,5,48,4,0,41,13,2,7,0,8,0,15,1,0
London,13,Burning Daylight,746,22,1700,22,12,1,5,77,1,0,15,7,5,15,11,9,0,3,4,4,3,9,8,54,0,7,22,12,5,24,2,0,36,3,0,8,0,0,6,7,1,49,16,9,3,6,0,2,10,3,2,4,31,92,7,4,6,2,8,31,3,2,42,13,7,6,1,4,0,9,10,0
London,13,Burning Daylight,746,23,1700,26,12,0,6,75,2,1,11,6,9,2,11,12,0,0,7,1,2,15,7,11,0,3,0,40,0,31,2,0,25,6,0,2,0,0,6,6,1,45,16,3,3,2,0,2,4,0,3,0,26,115,8,1,6,4,7,46,5,1,47,12,1,5,4,6,0,19,8,0
London,13,Burning Daylight,746,24,1700,40,6,1,5,90,2,0,10,6,8,1,7,7,0,1,3,6,0,14,2,12,0,1,0,26,1,33,5,1,25,4,0,5,1,0,3,9,2,60,8,3,1,1,0,2,6,0,6,3,25,85,7,2,8,1,4,40,4,2,41,13,3,3,6,1,1,11,6,0
London,13,Burning Daylight,746,25,1700,59,11,3,5,52,2,5,9,5,11,5,6,5,5,1,5,1,2,10,6,22,0,3,0,33,2,28,2,7,14,2,1,5,3,0,6,11,1,64,7,10,2,2,5,0,3,2,1,6,33,91,1,0,3,2,5,41,3,1,37,4,2,4,7,6,4,12,5,2
London,13,Burning Daylight,746,26,1700,17,12,0,1,61,3,12,15,8,14,0,11,8,2,6,0,7,0,12,3,13,1,6,0,21,1,28,2,5,19,1,1,6,0,0,6,14,2,49,12,6,3,2,4,0,3,1,1,2,27,128,8,2,2,1,7,39,4,1,29,17,5,3,3,0,17,16,7,2
London,13,Burning Daylight,746,27,1700,34,9,3,5,70,2,0,11,12,7,4,10,5,0,3,6,3,0,16,3,22,0,5,0,50,4,28,9,2,24,1,0,2,1,2,1,10,1,48,14,7,1,3,0,3,5,2,2,1,16,104,2,3,1,0,6,45,7,0,33,15,5,3,4,1,0,23,9,0
London,13,Burning Daylight,746,28,1700,39,43,0,7,57,0,5,5,11,10,4,12,3,5,5,0,0,0,5,4,11,4,11,0,19,3,19,4,10,27,0,0,0,1,8,6,6,8,28,14,4,1,8,2,1,4,3,1,2,33,69,1,0,8,0,10,32,7,1,21,2,4,3,1,0,2,8,3,18
London,13,Burning Daylight,746,29,1700,42,17,1,7,61,1,1,16,5,8,0,14,8,2,2,2,0,0,12,6,6,1,6,0,26,8,34,3,1,35,3,0,2,2,4,8,11,1,36,16,5,2,8,0,1,1,2,2,3,19,90,0,5,4,1,7,43,5,2,44,14,4,4,0,7,1,13,5,1
London,13,Burning Daylight,746,30,1700,52,11,1,5,68,1,0,9,7,3,1,10,12,1,0,0,0,5,17,10,21,0,1,3,12,1,27,2,0,26,1,0,3,0,0,6,15,1,50,15,6,4,2,0,0,9,0,4,2,21,130,8,0,4,4,8,40,5,0,50,21,6,6,1,6,0,9,3,1
London,13,Burning Daylight,746,31,1700,38,11,0,9,51,4,1,12,8,4,5,15,4,0,3,0,0,0,13,6,24,0,4,22,32,3,29,3,3,27,1,0,1,0,3,5,3,4,49,13,3,2,9,0,0,4,3,2,2,40,104,0,4,6,1,12,36,7,3,39,10,0,3,5,0,3,15,4,1
London,13,Burning Daylight,746,32,1700,47,17,2,9,59,5,0,7,5,2,6,16,4,1,8,2,2,2,18,4,21,3,11,21,20,1,26,4,4,19,0,0,4,3,0,7,13,3,56,12,6,1,6,0,1,3,3,8,7,35,68,2,2,2,6,6,46,5,4,40,5,8,0,2,2,0,24,3,2
London,13,Burning Daylight,746,33,1700,42,11,2,5,97,1,1,8,11,4,5,8,14,0,1,4,1,2,9,7,26,0,2,1,18,3,21,2,4,30,7,0,3,0,2,5,4,1,51,11,3,2,3,0,0,2,3,2,4,12,107,3,2,3,0,6,38,9,0,35,13,6,3,4,5,0,20,11,4
London,13,Burning Daylight,746,34,1700,46,7,1,3,70,1,0,3,11,4,6,8,2,0,0,2,2,0,14,13,29,0,2,4,25,0,26,4,0,18,6,0,5,1,0,4,10,4,72,18,6,1,3,0,0,1,1,2,2,14,139,2,2,6,3,8,43,5,2,37,12,1,3,2,3,0,16,0,0
London,13,Burning Daylight,746,35,1700,47,8,0,5,84,1,0,4,10,1,5,6,5,0,0,7,2,1,12,13,12,0,2,0,20,1,32,4,0,15,5,0,2,0,0,3,3,1,70,20,5,1,1,0,0,6,1,2,3,27,136,5,0,4,0,3,29,5,8,38,10,0,2,6,0,0,10,1,0
London,13,Burning Daylight,746,36,1700,43,8,1,8,79,0,7,8,7,1,7,11,2,1,0,7,0,0,15,3,22,0,1,3,14,3,26,3,3,23,3,0,3,1,0,7,5,2,43,20,4,2,2,0,0,4,3,1,3,21,145,0,7,11,0,9,36,9,2,29,6,2,5,1,1,0,13,1,0
London,13,Burning Daylight,746,37,1700,67,9,0,2,88,1,3,6,9,4,1,10,4,0,9,6,3,6,18,4,7,0,2,16,17,6,32,6,1,31,0,0,0,0,2,5,6,2,29,12,3,1,3,0,0,4,3,2,0,22,100,6,2,5,1,6,38,7,2,34,14,6,3,2,0,1,7,1,1
London,13,Burning Daylight,746,38,1700,48,7,0,2,83,2,3,8,12,4,4,10,6,3,5,4,2,1,26,6,16,0,3,0,15,2,30,1,0,18,0,0,2,1,12,7,6,6,39,9,7,3,6,0,1,6,2,2,1,22,99,1,3,3,0,0,38,7,2,40,4,7,7,2,5,0,19,4,1
London,13,Burning Daylight,746,39,1700,42,9,1,6,78,0,0,13,8,7,3,7,6,0,1,6,2,3,14,10,31,0,0,16,27,1,39,3,0,16,0,0,10,0,0,9,11,4,52,9,6,0,14,0,0,2,8,2,1,14,113,5,1,9,0,6,40,5,1,48,12,4,3,2,10,0,11,1,0
London,13,Burning Daylight,746,40,1700,47,8,1,5,63,1,0,12,14,1,5,15,6,2,1,5,1,1,16,5,16,1,0,12,28,1,22,12,1,19,2,0,1,1,0,4,12,1,42,18,9,1,2,0,3,7,1,1,2,20,100,2,2,2,0,2,31,9,2,29,5,4,2,4,0,0,20,1,1
London,13,Burning Daylight,746,41,1700,40,9,0,3,80,1,0,15,12,7,6,6,5,0,3,7,1,1,5,2,26,0,5,13,22,4,30,8,1,18,0,0,6,2,3,6,15,2,45,15,4,1,4,0,1,5,3,3,4,25,90,0,6,2,1,7,44,4,1,44,3,5,7,0,3,2,20,8,1
London,13,Burning Daylight,746,42,1700,39,12,0,5,68,3,1,10,7,7,8,14,5,0,3,1,0,0,17,10,26,0,7,37,18,3,26,2,1,26,0,0,5,1,3,4,9,2,35,10,6,0,4,0,2,9,2,1,6,25,80,1,4,8,3,8,43,8,0,50,16,4,7,5,1,1,24,7,0
London,13,Burning Daylight,746,43,1700,45,3,0,2,73,4,1,14,10,7,7,17,4,3,10,2,0,0,16,4,9,0,5,27,24,4,20,4,4,13,0,0,7,2,4,7,11,7,34,17,4,0,5,0,1,2,0,2,5,25,61,0,5,3,4,7,43,3,1,23,2,11,8,1,2,4,19,2,3
London,13,Burning Daylight,746,44,1700,35,8,0,1,58,6,3,7,8,6,5,19,3,2,6,0,0,0,10,4,19,0,6,17,12,8,30,4,12,23,0,0,8,0,12,7,10,2,44,15,6,2,2,1,1,5,1,3,4,28,63,0,4,5,2,5,51,5,1,27,1,10,0,5,3,4,27,5,5
London,13,Burning Daylight,746,45,1700,34,12,1,6,71,4,3,8,14,10,6,11,7,1,4,2,0,0,13,4,27,0,5,31,16,5,23,5,3,25,1,0,7,0,1,2,17,3,55,18,5,4,7,1,0,5,1,5,5,23,86,0,3,6,1,16,46,3,1,33,3,1,3,1,6,1,12,7,0
London,13,Burning Daylight,746,46,1700,38,15,2,5,68,5,0,7,5,6,11,11,1,1,1,1,6,0,8,7,16,0,7,43,18,3,33,2,1,18,0,0,7,4,0,1,9,2,71,20,3,1,3,0,0,3,3,3,1,14,88,5,2,7,5,9,44,1,3,40,11,3,5,10,5,1,17,3,1
London,13,Burning Daylight,746,47,1700,41,7,1,2,60,1,7,2,6,7,4,20,4,4,6,1,1,1,18,1,10,1,7,6,11,1,31,2,16,30,1,0,8,0,14,3,11,7,38,9,8,1,9,0,2,5,6,1,4,33,84,3,3,7,1,8,33,4,0,10,2,6,1,3,6,2,14,6,9
London,13,Burning Daylight,746,48,1700,38,9,0,7,76,0,2,5,14,8,3,9,5,2,5,4,1,4,15,6,11,0,2,11,11,6,19,5,7,30,2,0,2,1,4,4,3,5,35,17,8,1,7,1,1,3,3,2,3,18,74,3,1,7,3,1,41,11,1,20,6,8,5,4,3,1,13,4,5
London,13,Burning Daylight,746,49,1700,33,12,0,0,71,0,5,13,9,11,3,9,10,4,8,4,0,2,20,7,6,0,2,2,10,3,30,3,12,22,3,0,13,0,4,5,3,7,41,13,7,2,2,1,0,2,2,1,3,23,116,3,3,11,4,7,45,13,2,11,3,4,3,4,0,9,10,0,3
London,13,Burning Daylight,746,50,1700,26,4,1,4,72,7,1,8,8,10,2,10,4,1,6,1,4,2,28,5,13,0,3,26,18,5,25,6,2,18,0,0,2,0,5,8,6,1,41,13,5,1,7,0,0,3,2,0,0,25,94,0,1,6,2,5,52,6,1,35,16,8,6,0,1,0,20,2,1
London,13,Burning Daylight,746,51,1700,46,17,1,2,68,5,4,8,7,10,5,10,3,4,7,0,3,1,11,7,16,1,3,20,11,9,23,2,4,27,0,0,12,0,8,7,10,8,47,16,8,4,4,0,0,4,4,1,6,23,55,1,2,2,1,5,48,2,1,15,5,7,5,1,6,1,23,6,12
London,13,Burning Daylight,746,52,1700,39,11,0,8,62,2,1,8,6,4,4,15,2,1,5,3,0,1,15,8,17,1,6,36,28,2,39,7,2,19,2,1,3,1,5,8,14,1,50,10,8,4,4,0,1,7,3,0,3,24,77,0,0,7,1,8,47,1,4,44,2,5,4,4,3,2,13,3,0
London,13,Burning Daylight,746,53,1700,39,11,0,5,59,1,3,12,11,9,4,10,1,2,5,1,0,0,11,10,11,0,3,21,14,4,15,2,4,20,1,0,8,5,3,5,10,3,32,20,6,1,2,0,1,5,1,4,3,32,67,0,1,7,6,6,48,3,1,18,7,5,2,2,0,3,5,6,5
London,13,Burning Daylight,746,54,1700,31,6,1,1,62,1,1,21,8,7,5,11,1,1,6,5,2,1,20,3,26,0,8,33,20,4,18,1,4,16,2,0,12,1,7,6,15,7,42,14,3,1,0,0,0,9,2,2,5,32,72,4,5,6,2,8,45,5,1,37,2,3,1,0,4,3,11,6,3
London,13,Burning Daylight,746,55,1700,24,26,0,2,79,4,13,15,6,15,2,25,2,4,8,2,1,0,6,2,4,2,17,10,4,8,26,4,11,22,1,0,4,1,21,7,20,8,26,6,3,6,5,0,2,6,0,0,5,35,59,0,6,8,0,8,47,5,1,9,6,5,3,0,0,1,10,13,15
London,13,Burning Daylight,746,56,1700,34,7,2,1,71,0,1,18,6,8,3,15,3,0,3,1,1,2,17,7,11,1,2,10,30,4,38,5,4,31,2,1,3,0,4,3,12,2,45,18,6,4,5,0,0,3,1,2,3,25,112,3,2,7,0,7,47,5,1,39,18,0,5,3,2,1,14,4,2
London,13,Burning Daylight,746,57,1700,30,18,1,2,85,3,2,13,10,6,6,6,3,4,7,11,3,2,16,8,8,2,4,0,23,7,26,3,4,31,1,0,11,0,1,7,3,6,45,16,2,2,12,0,0,7,1,2,2,25,93,4,1,7,1,15,35,5,1,40,14,2,10,0,2,2,17,4,6
London,13,Burning Daylight,746,58,1700,35,9,1,3,83,5,0,11,10,6,1,8,9,6,4,5,1,1,20,3,3,1,5,2,29,6,23,6,9,18,1,0,6,0,2,4,6,3,50,18,14,4,9,1,0,3,0,1,7,23,103,2,3,4,1,9,49,9,1,29,8,5,7,1,2,1,16,2,4
London,13,Burning Daylight,746,59,1700,29,12,0,1,70,0,0,12,13,3,12,9,6,2,0,17,2,1,8,6,46,0,3,1,37,2,18,4,1,37,0,0,4,1,5,5,12,4,44,21,6,2,1,0,1,5,1,1,3,23,101,3,2,3,1,14,32,9,2,33,9,3,3,4,2,0,14,6,3
London,13,Burning Daylight,746,60,1700,41,15,0,4,93,0,3,8,8,4,2,12,3,3,7,7,0,1,12,6,9,1,2,19,23,5,27,4,7,12,3,0,7,1,11,5,2,4,23,9,4,1,0,0,0,1,4,0,5,18,67,0,10,4,0,10,56,15,0,12,3,7,4,0,4,2,12,1,9
London,13,Burning Daylight,746,61,1700,23,22,0,1,78,0,9,4,6,10,3,7,4,4,10,4,0,1,8,4,3,2,5,5,7,5,33,0,21,44,1,0,3,4,17,8,4,5,32,14,8,1,5,1,0,1,1,0,3,22,91,0,4,3,1,11,53,11,0,10,1,11,3,0,1,5,15,1,2
London,13,Burning Daylight,746,62,1700,26,15,1,4,76,4,5,13,10,18,7,9,5,6,8,4,0,0,20,3,12,1,11,15,13,12,17,2,8,22,0,0,4,1,7,5,8,9,32,15,2,3,7,0,0,5,5,1,1,14,75,2,1,4,1,7,59,11,0,11,0,7,3,3,2,10,13,2,6
London,13,Burning Daylight,746,63,1700,31,13,1,3,100,1,6,26,7,4,4,14,6,3,0,3,1,0,10,5,17,1,5,20,14,3,27,4,3,12,1,0,0,0,3,3,3,6,46,18,2,4,1,2,2,6,0,2,2,16,115,5,4,5,2,5,30,9,0,18,8,3,3,1,1,2,11,3,4
London,13,Burning Daylight,746,64,1700,30,8,0,0,82,2,0,6,5,3,1,3,6,0,0,3,0,2,13,9,17,2,3,9,23,1,40,3,2,20,7,0,7,0,0,6,7,0,59,15,5,5,1,0,0,4,2,1,6,20,133,11,2,3,2,3,40,1,3,38,10,3,8,7,14,0,19,0,0
London,13,Burning Daylight,746,65,1700,39,7,0,2,86,2,1,13,15,5,1,8,7,0,2,7,4,0,14,7,19,0,3,6,23,2,32,2,0,9,4,0,5,1,2,6,8,0,36,16,4,4,6,0,0,3,1,5,3,14,107,7,1,2,1,5,51,6,0,21,15,1,9,3,1,1,13,6,1
London,13,Burning Daylight,746,66,1700,36,8,2,4,84,2,1,9,9,1,3,7,4,0,2,5,1,2,16,8,12,0,6,23,28,4,47,4,1,13,1,0,2,0,2,2,5,2,51,13,8,4,4,0,2,6,1,1,2,23,110,5,1,6,3,8,46,2,1,36,12,0,7,7,4,0,14,2,1
London,13,Burning Daylight,746,67,1700,42,7,1,2,82,1,0,11,14,2,3,11,3,0,0,15,4,0,11,21,21,0,1,13,32,2,23,4,0,24,1,0,1,1,0,2,3,2,59,7,1,2,1,0,0,3,1,2,1,33,137,1,4,5,0,7,35,16,6,24,6,2,3,3,1,0,15,4,0
Milton,14,Paradise Lost,20,1,1700,4,9,0,1,72,1,0,14,1,7,0,9,10,5,5,1,0,0,8,20,3,0,2,0,34,9,34,2,5,5,0,6,3,1,1,3,7,5,50,8,4,1,18,15,0,7,2,3,0,27,64,4,4,4,1,9,39,3,0,1,2,15,0,2,7,4,26,0,0
Milton,14,Paradise Lost,20,2,1700,13,8,0,0,63,0,0,11,4,10,0,7,12,4,1,2,2,1,10,15,3,0,4,4,22,4,30,0,6,5,1,2,2,1,1,2,9,5,53,26,1,0,16,2,1,8,1,5,0,18,87,21,7,0,1,9,37,2,1,1,7,5,9,5,9,3,22,0,1
Milton,14,Paradise Lost,20,3,1700,12,14,3,0,80,0,0,13,6,2,0,10,9,2,0,3,0,0,10,11,5,0,5,5,35,1,42,1,0,2,0,0,5,0,0,1,8,4,50,13,5,0,23,4,0,3,0,6,0,12,57,13,9,0,0,2,31,0,0,4,4,4,10,5,10,0,30,0,0
Milton,14,Paradise Lost,20,4,1700,26,6,1,4,69,0,1,6,8,7,0,8,18,5,0,0,0,1,12,18,3,0,2,5,19,1,37,1,4,0,0,4,7,2,1,7,8,7,40,10,1,0,21,4,1,3,2,2,0,14,73,1,10,5,1,6,32,2,0,7,4,4,4,3,8,4,33,0,2
Milton,14,Paradise Lost,20,5,1700,5,13,1,0,71,0,4,7,7,15,0,6,5,10,1,0,0,0,11,8,0,0,1,4,32,13,25,4,11,2,0,5,7,8,2,1,15,2,35,10,2,0,19,39,8,6,2,1,0,11,41,1,16,2,3,18,55,3,1,4,3,24,10,4,7,10,17,4,0
Milton,14,Paradise Lost,20,6,1700,8,16,0,1,64,1,2,14,5,11,0,11,7,2,2,0,0,0,9,7,3,0,2,1,33,9,32,1,2,1,0,8,5,2,0,5,7,5,46,3,1,0,25,15,2,8,2,3,0,7,53,1,6,3,1,14,36,3,0,3,1,18,5,6,5,5,28,1,0
Milton,14,Paradise Lost,20,7,1700,25,10,0,0,97,1,2,16,9,4,0,4,10,0,0,0,0,0,6,10,3,0,2,3,11,4,26,3,0,5,0,1,8,0,1,3,4,2,44,12,4,1,15,0,1,5,0,1,0,12,72,0,7,4,1,4,30,3,1,2,1,4,7,4,2,2,33,1,0
Milton,14,Paradise Lost,20,8,1700,17,18,1,0,86,0,1,3,11,8,1,13,11,2,1,4,0,1,15,6,5,0,1,10,19,0,25,6,0,2,0,0,7,1,17,3,4,8,32,8,2,1,6,5,4,9,0,1,0,21,41,1,11,1,2,13,38,2,0,3,1,7,4,7,6,1,28,1,1
Milton,14,Paradise Lost,20,9,1700,22,13,0,0,80,0,1,9,7,2,1,10,12,2,0,4,0,0,3,15,5,0,1,7,22,5,26,2,3,1,0,2,3,0,7,5,8,9,46,17,1,0,29,3,1,8,0,2,0,17,70,1,6,5,2,9,27,2,3,1,2,3,5,5,4,2,29,0,9
Milton,14,Paradise Lost,20,10,1700,4,24,2,0,76,0,3,12,1,17,0,16,16,4,1,1,1,0,20,7,5,0,5,2,36,4,23,0,6,0,0,4,4,6,19,4,13,2,30,7,0,3,13,0,4,16,1,4,0,11,33,1,3,2,1,3,39,0,1,3,1,11,3,7,10,14,11,1,0
Milton,14,Paradise Lost,20,11,1700,19,23,1,0,61,0,1,10,5,8,1,13,13,1,0,3,0,0,6,17,3,0,2,3,7,0,25,5,2,2,0,0,9,0,2,7,7,5,61,15,0,1,16,0,0,6,1,3,0,11,61,2,11,2,3,8,32,4,1,2,1,0,6,2,8,0,23,1,0
Milton,14,Paradise Lost,20,12,1700,14,20,1,0,52,0,4,13,9,1,0,15,12,3,0,6,1,1,7,17,2,0,1,5,56,3,26,1,4,1,0,2,2,0,0,6,6,6,30,10,2,1,18,1,0,14,4,3,0,26,62,1,6,3,2,7,49,2,0,4,3,3,4,12,5,2,23,1,0
Milton,14,Paradise Lost,20,13,1700,17,11,0,1,62,2,2,13,9,6,0,15,7,2,0,4,0,0,11,16,8,0,2,2,26,1,20,4,4,2,0,0,5,2,6,6,7,14,38,14,5,1,9,2,1,15,2,4,0,20,51,0,17,4,1,5,38,4,1,7,0,13,5,12,4,3,25,4,0
Milton,14,Paradise Lost,20,14,1700,15,18,0,0,59,0,0,17,4,2,0,9,14,1,1,5,0,0,14,9,1,0,2,12,23,3,24,2,3,2,0,1,7,2,2,7,11,10,48,10,3,2,11,3,2,10,1,3,0,18,58,0,8,1,0,13,29,1,1,4,2,4,3,8,7,2,25,0,7
Milton,14,Paradise Lost,20,15,1700,12,14,1,1,65,0,1,10,6,7,0,14,8,3,1,1,0,0,5,13,5,0,3,10,16,4,12,2,9,10,0,4,4,3,9,9,6,7,39,13,6,0,4,8,1,8,1,2,0,17,38,0,4,4,3,5,49,1,1,5,3,10,5,3,2,2,32,1,0
Milton,14,Paradise Lost,20,16,1700,7,13,1,1,68,0,0,8,6,6,0,12,11,2,0,1,0,0,6,13,2,0,4,10,15,4,28,1,4,2,1,0,8,1,0,7,10,4,37,15,0,1,19,9,2,4,0,2,0,8,59,0,6,2,3,12,38,5,0,4,3,4,12,8,6,2,27,1,3
Milton,14,Paradise Lost,20,17,1700,5,10,0,0,52,0,0,9,4,1,0,20,6,2,0,0,0,1,6,13,5,0,3,6,24,5,32,0,4,5,0,0,7,0,11,7,18,12,30,13,2,2,10,3,0,6,0,4,0,7,52,0,8,0,3,13,59,4,0,4,1,11,6,9,9,1,21,1,2
Milton,14,Paradise Lost,20,18,1700,5,11,2,0,64,1,2,12,4,9,0,15,8,3,1,1,1,1,5,15,2,0,2,10,23,3,31,2,2,4,0,2,7,0,6,3,12,6,35,9,2,0,27,4,0,9,0,5,0,24,51,0,6,1,2,12,46,5,0,3,1,8,6,4,5,4,24,0,5
Milton,14,Paradise Lost,20,19,1700,9,16,0,0,60,0,0,14,8,6,0,7,7,2,0,3,1,1,11,22,3,0,4,13,22,3,27,2,2,1,0,4,11,0,0,5,13,4,31,12,3,1,14,7,0,9,0,5,0,12,57,0,12,0,3,8,61,2,0,4,0,9,4,2,2,6,28,0,1
Milton,14,Paradise Lost,20,20,1700,3,21,1,0,67,0,5,13,3,8,0,11,16,8,0,0,0,0,12,12,3,0,6,5,15,6,32,3,9,1,0,8,7,2,6,5,17,8,42,7,4,0,12,11,0,10,0,4,0,16,46,0,7,2,3,9,46,0,1,6,2,13,6,4,9,4,12,0,3
Milton,14,Paradise Lost,20,21,1700,6,20,0,2,57,0,1,10,3,8,0,8,16,3,0,0,0,3,8,12,2,0,0,2,30,6,29,3,10,2,0,3,6,0,2,4,12,7,44,8,7,2,12,22,0,7,0,4,0,10,55,0,7,2,1,12,53,1,0,3,3,9,7,10,8,3,23,1,2
Milton,14,Paradise Lost,20,22,1700,12,10,0,0,55,0,1,10,8,2,0,11,7,1,0,0,0,0,13,15,7,0,6,1,18,1,38,1,4,5,0,2,3,0,4,3,12,8,61,16,5,0,9,1,4,8,0,5,0,18,57,0,7,2,1,9,51,1,0,7,0,2,9,3,11,0,20,0,0
Milton,14,Paradise Lost,20,23,1700,5,15,0,1,70,0,0,13,5,4,0,17,11,3,0,2,0,1,9,17,2,0,4,3,19,5,35,3,1,4,0,4,5,1,0,2,20,10,45,13,5,0,16,4,1,8,1,8,0,12,49,0,9,2,2,3,45,0,0,4,2,6,1,4,5,2,26,0,0
Milton,14,Paradise Lost,20,24,1700,15,18,0,0,72,0,0,8,8,4,0,11,4,1,2,2,0,1,12,8,5,0,5,1,17,6,34,4,2,2,0,4,3,0,0,2,13,4,39,14,2,1,10,12,3,13,1,5,0,8,39,0,1,0,2,9,42,4,2,1,4,5,6,10,5,2,29,3,0
Milton,14,Paradise Lost,20,25,1700,7,22,0,0,73,0,2,14,7,8,2,13,11,3,2,3,0,1,5,13,3,0,8,2,42,0,29,7,8,5,0,3,1,1,9,1,5,3,41,16,2,0,8,0,0,4,0,4,0,8,42,1,2,1,4,7,39,0,1,1,3,6,4,6,3,3,26,1,1
Milton,14,Paradise Lost,20,26,1700,7,6,3,2,68,0,2,9,4,7,0,10,11,4,0,2,0,0,5,13,4,0,10,5,31,5,22,4,6,4,0,4,5,0,8,3,14,5,41,9,3,0,13,5,0,11,0,4,0,10,67,0,3,2,5,10,63,2,0,4,1,17,4,10,6,8,24,1,0
Milton,14,Paradise Lost,20,27,1700,10,7,0,0,92,0,0,11,4,10,0,9,8,0,0,1,0,3,13,15,3,0,1,15,15,2,31,3,1,8,0,0,0,0,0,0,4,5,32,17,2,0,12,0,0,8,0,1,0,13,120,0,10,2,3,3,26,3,2,14,1,0,5,2,0,0,28,0,1
Milton,14,Paradise Lost,20,28,1700,11,18,1,0,92,0,3,13,5,1,0,10,3,2,0,1,0,3,10,18,2,0,0,15,25,1,36,1,5,2,0,0,3,0,0,1,9,7,46,13,0,0,7,2,0,3,1,1,0,11,100,1,5,3,2,5,21,5,0,5,0,1,2,2,4,2,27,0,1
Milton,14,Paradise Lost,20,29,1700,8,5,0,2,70,0,1,9,5,5,1,9,16,1,0,1,0,0,11,17,1,0,3,26,17,9,23,1,11,6,0,4,3,1,3,3,27,7,31,8,2,0,20,2,1,12,3,9,0,22,45,0,5,5,7,15,60,0,0,4,1,14,3,9,7,1,21,1,0
Milton,14,Paradise Lost,20,30,1700,10,16,2,0,85,0,2,12,4,3,0,14,10,4,0,1,0,1,11,9,6,0,4,0,16,1,27,2,6,2,0,2,1,1,19,6,19,1,34,12,3,0,17,4,0,11,1,4,0,13,42,0,11,1,4,7,35,4,1,6,0,13,2,6,6,0,35,0,0
Milton,14,Paradise Lost,20,31,1700,5,22,1,3,71,0,0,11,1,9,0,12,10,1,4,1,0,1,12,10,1,0,1,39,9,5,39,2,7,5,0,0,9,1,14,8,25,4,37,7,5,0,18,0,0,12,1,5,0,14,51,0,7,0,4,4,43,3,0,6,1,12,4,13,4,2,19,3,0
Milton,14,Paradise Lost,20,32,1700,8,12,0,1,70,0,1,11,7,7,1,9,8,1,0,1,0,2,10,17,3,0,2,3,22,5,32,5,3,6,0,6,9,2,8,2,14,10,49,12,2,0,20,4,0,8,0,2,0,13,60,0,7,1,2,9,55,6,1,4,0,9,2,3,7,2,23,3,0
Milton,14,Paradise Lost,20,33,1700,6,7,0,1,43,1,4,12,5,8,0,20,16,6,3,0,0,1,13,17,1,0,2,16,25,8,20,1,5,2,0,4,7,1,4,6,27,2,38,8,2,0,37,17,1,11,3,6,0,9,31,0,11,0,2,5,47,0,0,2,3,12,5,7,9,8,19,1,0
Milton,14,Paradise Lost,20,34,1700,15,14,0,0,61,0,2,11,13,3,0,13,6,1,0,0,0,2,11,10,2,0,2,17,22,3,28,2,6,2,0,1,12,0,6,1,20,8,62,9,6,0,24,3,0,12,1,5,0,16,57,1,8,2,4,7,40,2,0,5,0,9,3,7,6,0,20,1,0
Milton,14,Paradise Lost,20,35,1700,6,15,1,1,60,0,5,17,5,14,0,17,9,3,0,0,0,1,10,12,9,0,5,22,14,6,25,2,10,8,0,5,7,1,4,5,25,4,52,8,1,0,15,9,3,11,0,4,0,18,51,1,17,1,3,14,60,0,0,4,0,13,4,6,5,2,14,0,5
Milton,14,Paradise Lost,20,36,1700,6,6,3,0,57,1,3,20,5,12,0,13,4,6,1,1,0,0,15,13,7,0,5,8,12,3,18,0,8,5,0,1,5,1,13,4,19,11,42,5,9,0,11,6,1,23,0,5,0,14,31,1,6,1,1,10,53,2,0,2,3,4,1,4,5,4,22,4,0
Milton,14,Paradise Lost,20,37,1700,2,10,1,0,61,0,1,19,7,6,0,15,5,1,1,2,1,0,8,14,6,0,9,6,16,3,34,3,6,4,0,6,3,1,3,7,25,12,36,9,0,0,14,4,3,8,3,4,0,17,55,0,7,5,1,10,51,1,1,3,1,9,7,6,6,10,16,2,1
Milton,14,Paradise Lost,20,38,1700,11,9,1,0,58,0,0,16,3,5,0,8,6,3,0,3,0,0,8,14,4,0,0,10,26,2,18,4,3,5,0,1,3,2,12,4,14,9,44,9,0,0,15,2,2,14,0,2,0,11,63,1,6,1,3,12,52,2,3,7,1,7,5,4,4,3,23,0,0
Milton,14,Paradise Lost,20,39,1700,15,17,2,2,59,0,1,7,7,2,0,12,13,0,0,4,0,0,6,15,4,0,8,2,32,1,28,2,5,0,0,0,4,1,11,4,11,19,45,11,3,0,9,6,1,9,0,2,0,12,59,1,2,5,1,13,44,2,1,5,3,9,5,9,3,1,27,2,7
Milton,14,Paradise Lost,20,40,1700,6,12,0,0,78,0,2,15,5,2,0,11,8,2,0,6,0,0,8,18,10,0,1,2,14,2,24,1,3,2,0,2,3,0,9,2,10,9,34,18,2,0,15,2,1,9,4,1,0,16,68,1,6,3,2,11,57,7,1,6,3,5,5,9,6,4,34,2,0
Milton,14,Paradise Lost,20,41,1700,6,27,1,0,61,0,0,15,6,12,1,26,10,4,2,1,0,0,9,9,5,0,3,10,30,7,16,1,5,5,0,3,5,2,19,6,24,6,32,14,7,0,8,1,3,10,3,1,0,22,28,0,10,3,1,12,50,0,0,5,4,10,3,8,2,6,19,6,2
Milton,14,Paradise Lost,20,42,1700,6,7,0,0,65,0,3,12,5,13,0,10,14,2,1,1,0,0,9,16,4,0,4,2,23,4,29,1,1,3,0,4,7,3,10,4,10,4,33,7,2,0,14,23,1,12,0,3,0,12,48,0,12,1,1,7,54,2,1,2,1,11,3,13,1,9,33,2,0
Milton,14,Paradise Lost,20,43,1700,14,18,1,0,54,0,2,5,6,4,0,11,11,1,0,3,0,0,10,24,8,0,2,3,27,1,31,1,3,2,0,4,8,4,10,2,16,9,51,5,6,0,13,6,4,4,3,2,0,21,60,0,11,1,2,7,55,3,0,5,0,4,3,7,8,5,22,0,1
Milton,14,Paradise Lost,20,44,1700,10,13,2,1,78,0,2,8,3,5,1,11,11,3,0,4,0,2,9,20,6,0,2,1,37,3,22,1,6,5,0,2,5,1,3,3,13,5,44,10,0,0,13,5,0,6,3,1,0,16,56,0,5,2,1,11,61,2,0,6,2,8,1,7,4,3,18,3,0
Milton,14,Paradise Lost,20,45,1700,16,12,0,0,87,0,3,3,4,11,0,13,9,1,0,3,0,0,11,15,8,0,0,1,16,2,31,2,5,2,0,2,1,4,1,1,14,7,60,7,3,0,14,2,3,11,1,5,0,8,52,0,7,2,2,3,52,2,0,7,6,9,2,9,9,2,16,2,0
Milton,14,Paradise Lost,20,46,1700,21,20,2,2,93,0,1,15,6,9,0,11,11,1,0,3,0,0,7,14,4,0,2,0,28,1,26,0,4,2,0,3,4,2,2,8,4,10,46,10,8,0,10,0,0,8,1,2,0,13,67,1,9,2,2,3,40,2,0,3,2,6,6,4,4,5,24,2,0
Milton,14,Paradise Lost,20,47,1700,25,15,1,1,60,0,0,10,4,10,0,12,19,0,0,3,0,0,3,22,0,0,0,1,49,1,29,3,7,3,0,1,3,10,0,4,12,4,36,11,5,0,6,0,1,5,1,5,0,16,65,1,2,3,1,8,67,3,2,2,1,5,2,3,11,12,15,0,0
Milton,14,Paradise Lost,20,48,1700,19,14,0,0,61,0,1,12,4,12,0,16,21,4,0,0,0,0,14,16,1,0,2,0,41,1,33,3,3,2,0,2,4,3,4,2,14,5,59,4,0,0,5,2,3,15,1,4,0,14,66,0,12,4,2,10,52,2,1,1,0,4,4,9,10,4,14,1,0
Milton,15,Paradise Regained,58,1,1700,14,24,0,1,78,0,0,5,9,9,0,11,15,2,4,1,0,0,7,8,3,0,7,5,40,1,26,3,7,4,0,3,3,3,14,5,9,12,48,11,4,0,7,10,2,9,1,2,3,11,81,8,6,2,3,18,63,0,1,8,0,8,4,4,9,3,17,2,0
Milton,15,Paradise Regained,58,2,1700,12,12,1,1,57,0,3,9,10,10,0,15,20,4,3,0,1,1,12,15,3,0,4,1,16,2,28,4,5,6,0,3,10,2,13,8,17,9,39,8,1,2,14,5,4,8,3,3,4,12,60,2,7,1,2,8,57,1,1,14,2,16,5,5,12,1,16,0,0
Milton,15,Paradise Regained,58,3,1700,12,7,0,2,66,1,3,11,12,12,4,20,10,1,1,1,0,1,10,17,5,0,7,8,30,3,23,5,8,2,0,3,8,1,6,7,16,15,28,8,1,1,17,13,1,11,4,3,3,8,46,8,6,1,2,6,65,5,0,5,2,12,7,3,10,8,27,0,0
Milton,15,Paradise Regained,58,4,1700,18,18,1,2,69,0,4,18,9,2,0,10,12,1,1,1,1,1,4,12,6,0,7,11,22,4,26,2,4,6,0,0,8,1,1,6,13,8,57,10,2,4,32,2,3,3,4,4,5,17,61,7,6,3,4,6,48,3,0,7,4,7,3,3,1,5,25,2,0
Milton,15,Paradise Regained,58,5,1700,14,15,2,0,75,0,4,9,8,15,2,19,12,5,7,3,0,1,15,5,5,0,4,3,14,9,28,0,14,5,0,4,10,1,6,5,23,3,41,10,2,2,13,1,2,7,0,2,4,16,53,6,5,1,6,7,57,1,1,1,1,23,4,4,15,2,14,2,0
Milton,15,Paradise Regained,58,6,1700,17,23,0,0,83,0,3,9,3,11,1,11,12,7,2,0,0,1,12,15,2,0,4,8,17,5,28,1,10,6,0,3,2,0,15,5,13,5,46,3,1,0,17,3,1,16,1,3,4,22,55,12,4,9,7,1,32,1,1,6,0,12,3,2,11,6,17,5,0
Milton,15,Paradise Regained,58,7,1700,10,15,1,2,92,0,1,12,7,4,1,8,16,1,0,0,0,1,7,16,3,0,5,3,25,2,24,0,4,6,0,5,5,4,9,7,9,5,57,14,1,0,22,3,2,10,2,3,5,11,71,19,4,4,1,7,55,1,1,5,3,7,5,4,6,4,18,1,0
Milton,15,Paradise Regained,58,8,1700,14,21,2,1,74,0,4,17,2,6,0,13,19,4,0,2,0,0,10,10,0,0,2,4,10,6,22,1,8,4,0,1,10,2,4,5,14,5,39,14,2,3,23,7,1,8,0,2,4,17,65,9,6,9,4,8,48,0,0,1,1,15,3,4,9,3,18,2,0
Milton,15,Paradise Regained,58,9,1700,16,15,2,0,69,1,5,16,10,8,1,11,12,2,1,1,0,0,11,12,3,0,9,4,12,9,28,0,10,5,0,4,4,2,6,5,14,10,55,10,0,3,17,5,0,10,6,2,3,6,62,9,4,5,1,9,43,3,0,5,2,13,6,4,4,5,18,4,0
Shakespeare,16,Hamlet,1524,1,1700,31,3,0,1,55,2,2,8,5,5,1,7,12,2,7,3,2,0,7,2,5,2,8,0,8,7,36,0,14,32,0,4,2,0,7,5,11,7,51,6,1,0,4,19,0,12,3,3,1,18,85,0,4,5,0,23,37,2,4,6,0,8,4,8,5,4,11,1,2
Shakespeare,16,Hamlet,1524,2,1700,29,12,0,3,51,1,4,6,2,9,1,12,4,1,7,0,2,0,16,5,6,0,8,3,10,2,29,1,14,19,0,1,5,7,35,6,19,6,39,8,3,0,5,17,2,9,2,1,6,26,49,1,0,0,2,14,59,0,4,4,1,10,0,4,3,4,23,5,21
Shakespeare,16,Hamlet,1524,3,1700,24,7,0,2,57,3,7,18,3,11,2,18,3,1,14,1,2,1,14,6,2,0,7,1,25,6,33,0,15,32,0,7,7,5,27,9,28,3,37,3,1,0,5,3,2,9,2,1,5,8,55,5,7,2,0,12,35,3,4,3,1,7,2,3,0,6,12,5,17
Shakespeare,16,Hamlet,1524,4,1700,27,9,0,1,54,0,3,15,5,14,0,12,7,1,5,3,2,1,5,8,0,0,4,4,14,4,28,4,11,37,0,5,4,2,34,5,17,3,50,6,2,0,7,5,2,11,5,2,2,24,56,4,2,4,0,11,40,4,3,3,1,12,2,1,0,9,17,1,2
Shakespeare,16,Hamlet,1524,5,1700,16,6,0,3,65,2,7,27,9,5,2,16,11,0,10,2,0,1,6,1,2,0,9,0,25,5,25,0,14,18,0,7,5,2,48,6,11,3,31,7,1,0,18,4,1,20,2,8,3,19,28,2,6,11,1,17,34,1,4,5,0,15,0,1,1,6,14,6,10
Shakespeare,16,Hamlet,1524,6,1700,30,5,0,3,57,0,6,12,7,17,2,15,7,0,9,1,0,0,11,9,2,0,13,6,12,6,13,6,19,20,0,4,7,2,32,7,12,3,26,5,1,0,6,11,3,14,3,4,2,29,34,2,5,2,0,21,50,2,3,4,3,11,2,4,2,7,8,2,16
Shakespeare,16,Hamlet,1524,7,1700,29,2,0,6,39,0,24,3,4,8,2,13,7,1,7,1,3,0,21,3,1,2,10,5,8,6,29,1,27,18,0,0,6,2,42,13,20,1,41,7,5,1,5,5,4,11,0,3,4,17,69,6,9,13,0,8,33,0,2,5,6,15,4,6,1,9,7,1,10
Shakespeare,16,Hamlet,1524,8,1700,41,11,0,3,52,0,4,17,6,5,1,13,9,3,3,4,0,1,15,4,3,2,15,7,18,5,27,0,10,19,0,1,6,1,24,7,11,4,30,6,2,0,7,0,4,8,2,2,5,16,76,4,4,1,1,13,33,2,3,6,2,8,3,2,6,6,26,5,8
Shakespeare,16,Hamlet,1524,9,1700,26,10,0,1,49,1,8,15,2,14,0,13,4,1,10,2,0,0,16,4,2,0,15,2,17,7,16,1,9,20,0,8,7,3,19,7,14,5,52,8,2,0,6,3,3,11,2,4,5,26,60,4,0,5,2,9,52,0,1,3,1,11,4,2,3,7,15,4,17
Shakespeare,16,Hamlet,1524,10,1700,27,2,0,0,49,1,12,10,3,15,2,13,3,0,9,3,2,0,19,4,1,0,9,8,8,2,21,0,21,13,0,4,2,6,33,6,15,7,33,4,5,1,7,7,3,11,4,1,1,27,66,2,4,6,0,14,27,2,4,5,0,14,3,3,2,9,12,0,13
Shakespeare,16,Hamlet,1524,11,1700,32,4,0,1,44,2,8,7,1,9,0,15,8,4,12,1,0,0,9,4,0,0,7,4,8,10,16,5,19,17,0,1,4,2,39,10,16,6,35,6,3,0,3,7,2,9,6,2,1,10,65,1,3,3,1,13,35,0,7,1,1,9,3,0,2,10,19,12,18
Shakespeare,16,Hamlet,1524,12,1700,35,3,0,5,63,0,3,20,5,13,1,13,3,6,6,3,1,1,9,4,0,1,9,3,16,4,23,1,19,18,0,7,7,0,20,9,20,9,31,6,3,0,6,2,1,11,4,4,2,19,50,1,5,5,0,19,34,4,5,5,2,22,5,3,1,6,12,5,12
Shakespeare,16,Hamlet,1524,13,1700,22,10,0,3,55,0,2,8,5,12,2,17,3,2,16,1,3,0,11,6,3,0,10,1,15,2,28,2,25,19,0,2,3,10,18,5,17,3,27,12,3,1,4,4,2,8,2,2,0,18,69,4,1,5,0,21,45,3,2,3,0,17,4,2,7,10,19,5,13
Shakespeare,16,Hamlet,1524,14,1700,28,11,0,4,62,0,6,9,15,15,1,20,9,0,9,0,1,0,18,6,0,0,6,14,14,7,20,1,26,17,0,5,2,3,19,5,17,3,27,5,5,1,5,3,2,6,5,2,0,19,42,3,3,4,1,12,38,3,1,1,2,8,3,8,1,11,12,6,11
Shakespeare,16,Hamlet,1524,15,1700,27,10,0,1,50,0,6,13,1,13,0,13,8,2,5,3,1,1,23,5,1,0,11,3,20,6,20,1,19,16,0,5,3,7,24,5,19,4,25,7,0,1,3,8,2,12,4,1,2,24,46,3,1,7,1,9,38,2,0,3,3,9,2,3,2,16,15,5,19
Shakespeare,16,Hamlet,1524,16,1700,35,4,0,5,52,0,8,8,2,14,4,19,5,4,8,1,2,0,12,7,6,0,8,12,16,13,24,0,18,26,0,4,6,1,18,8,13,6,30,9,4,0,7,6,10,11,1,4,3,39,44,3,2,8,0,23,29,2,2,5,1,9,6,2,1,14,9,5,21
Shakespeare,16,Hamlet,1524,17,1700,51,1,0,2,37,0,3,8,5,16,4,8,2,2,5,1,0,1,17,1,3,1,9,9,27,5,21,4,20,26,0,4,8,4,15,10,20,11,36,7,6,0,6,1,3,9,2,6,5,33,59,1,1,7,0,17,35,2,1,14,1,8,3,4,3,12,12,1,8
Shakespeare,16,Hamlet,1524,18,1700,23,5,0,6,38,0,4,13,3,11,1,9,2,0,9,1,1,0,12,6,3,1,8,9,20,3,26,3,25,16,0,2,7,1,30,8,13,5,43,7,1,0,4,10,6,4,1,6,2,15,63,6,1,3,0,15,39,4,4,7,1,13,4,2,2,11,11,5,9
Shakespeare,16,Hamlet,1524,19,1700,21,6,0,2,37,0,9,7,2,13,1,16,9,3,9,1,0,0,6,3,1,4,11,0,12,15,24,2,23,30,0,0,3,2,25,11,20,8,22,10,2,1,4,2,2,7,2,1,1,13,79,5,5,4,0,15,38,0,1,2,1,8,1,3,2,13,11,6,14
Shakespeare,17,Macbeth,1533,1,1700,40,10,0,5,47,0,8,12,3,9,1,5,5,3,9,0,0,0,3,5,3,1,5,4,16,3,25,3,6,4,0,1,3,1,3,3,7,1,39,6,0,0,8,6,2,11,0,2,2,20,88,3,1,1,3,4,29,2,7,0,2,7,3,5,3,4,13,2,4
Shakespeare,17,Macbeth,1533,2,1700,14,5,0,2,49,0,8,7,3,13,2,10,5,2,8,2,1,1,8,6,3,0,15,0,11,5,29,2,27,19,0,4,5,4,28,5,16,2,43,8,3,3,4,10,4,8,0,0,7,27,66,1,1,2,1,3,44,2,4,5,1,10,5,13,6,3,13,3,16
Shakespeare,17,Macbeth,1533,3,1700,20,10,0,2,61,0,3,11,6,12,2,12,4,1,3,2,1,2,8,5,2,2,17,0,25,5,24,1,10,14,0,1,3,2,12,4,15,7,23,2,1,4,3,12,4,10,2,3,1,18,73,6,7,3,0,16,38,5,9,6,5,9,8,13,5,6,10,8,17
Shakespeare,17,Macbeth,1533,4,1700,25,5,0,4,47,0,7,8,2,5,1,10,1,1,8,1,0,1,11,5,8,2,8,0,5,2,15,0,22,27,0,2,6,3,10,8,21,2,25,8,5,0,2,5,1,11,3,1,0,15,68,9,2,8,3,13,30,5,1,4,6,13,3,3,7,3,10,2,11
Shakespeare,17,Macbeth,1533,5,1700,20,9,0,5,56,0,9,12,3,14,4,9,5,3,7,0,1,2,11,2,4,0,8,1,10,4,32,1,13,11,0,4,2,1,17,5,13,6,37,3,1,1,2,19,5,13,0,0,3,23,63,9,4,9,3,11,39,3,9,7,2,3,5,11,5,9,17,3,7
Shakespeare,17,Macbeth,1533,6,1700,21,4,0,0,38,1,9,4,5,15,2,12,2,1,7,4,1,1,12,7,3,1,6,3,21,3,21,0,25,14,0,3,0,6,20,3,11,5,25,10,3,0,2,17,2,7,1,1,5,23,66,3,5,6,4,5,36,1,4,2,4,8,0,7,5,9,21,2,16
Shakespeare,17,Macbeth,1533,7,1700,27,16,0,2,72,2,4,8,8,7,6,12,7,5,7,1,1,0,17,5,1,3,13,1,14,5,17,0,11,7,0,4,3,4,10,3,11,7,41,3,2,2,3,12,4,5,3,6,1,21,66,3,2,4,3,7,34,0,3,5,4,7,4,8,3,7,12,3,8
Shakespeare,17,Macbeth,1533,8,1700,34,17,0,5,58,1,10,2,4,16,0,11,5,3,14,2,2,2,15,6,3,0,2,4,21,5,15,1,19,9,0,2,6,4,18,7,15,6,28,2,5,0,6,8,3,9,2,0,1,19,56,3,4,2,1,13,22,3,5,5,3,16,3,2,6,12,9,2,9
Shakespeare,17,Macbeth,1533,9,1700,22,8,0,5,40,0,7,11,6,15,2,16,4,2,6,1,2,2,8,4,2,3,14,3,9,2,20,2,12,14,0,6,8,1,26,10,18,4,29,5,3,0,2,8,5,7,1,6,6,20,48,5,1,8,2,10,33,4,6,6,3,12,4,3,3,5,10,6,13
Shakespeare,17,Macbeth,1533,10,1700,22,16,1,3,31,1,6,2,6,11,0,11,5,2,6,1,2,0,11,5,2,5,19,22,9,3,18,1,21,21,0,2,5,2,18,8,17,10,27,9,2,1,3,8,4,7,3,2,1,24,59,14,3,6,1,13,37,0,7,3,5,18,5,5,5,7,15,7,11
Shakespeare,17,Macbeth,1533,11,1700,26,6,0,2,53,1,5,8,5,16,2,11,3,1,8,3,0,1,4,7,0,1,15,4,4,8,11,1,18,12,0,2,8,5,25,7,18,3,33,8,3,0,3,13,7,3,1,2,2,22,64,4,2,4,1,6,35,1,7,4,4,11,0,8,0,7,20,6,6
Shakespeare,18,Othello,1531,1,1700,42,7,0,3,46,1,10,11,6,14,1,14,10,2,11,0,3,0,17,3,3,0,15,7,15,11,31,0,21,7,0,2,2,5,25,3,20,8,35,8,4,0,2,0,0,2,3,5,1,10,57,5,2,5,0,12,31,2,3,1,2,14,4,4,3,6,16,5,21
Shakespeare,18,Othello,1531,2,1700,21,5,0,5,55,1,6,12,7,9,1,11,6,2,13,1,1,1,18,7,3,0,16,7,7,8,23,1,21,17,0,8,4,3,21,4,18,4,37,9,2,0,5,3,1,11,6,5,2,17,62,3,1,3,1,13,40,3,4,1,3,12,3,3,1,7,19,3,19
Shakespeare,18,Othello,1531,3,1700,24,7,0,0,64,0,6,9,5,9,0,11,9,2,13,1,3,0,14,6,7,0,10,24,6,6,17,1,8,16,0,3,6,5,44,4,7,1,47,9,0,2,5,1,2,9,5,6,4,25,56,4,0,2,1,16,45,2,3,4,0,7,4,7,0,3,21,9,14
Shakespeare,18,Othello,1531,4,1700,42,4,0,6,50,0,8,11,6,22,0,10,2,2,12,0,1,1,16,1,2,4,12,9,7,14,23,0,29,20,0,1,5,6,21,3,6,4,37,11,4,0,5,14,3,9,1,1,4,19,70,5,1,1,0,8,47,2,4,1,1,10,4,2,2,10,16,5,4
Shakespeare,18,Othello,1531,5,1700,23,4,0,4,61,0,7,16,4,13,2,14,4,2,8,1,2,2,13,5,4,2,11,26,6,12,29,0,16,15,0,4,3,2,15,3,16,7,32,11,4,0,1,8,2,12,1,3,3,24,57,4,1,3,0,14,33,0,3,7,3,7,3,3,1,7,10,4,13
Shakespeare,18,Othello,1531,6,1700,36,4,0,7,47,3,7,7,4,11,0,17,8,5,15,1,3,1,16,3,0,1,12,4,20,5,14,5,21,16,0,3,4,5,16,5,24,6,35,4,6,0,5,11,2,7,9,1,1,23,57,2,5,4,1,16,45,0,3,4,4,8,1,4,1,5,16,3,11
Shakespeare,18,Othello,1531,7,1700,26,9,0,7,54,4,9,13,5,12,0,11,7,1,9,0,4,1,16,4,8,0,7,10,11,7,28,1,20,20,0,3,7,1,13,4,7,11,25,4,4,0,6,1,3,13,4,2,7,20,49,3,4,3,1,21,50,2,2,3,3,13,5,5,4,9,10,3,13
Shakespeare,18,Othello,1531,8,1700,25,4,0,2,40,2,5,7,6,19,4,15,10,0,20,0,0,0,16,1,1,0,17,11,11,9,21,3,8,8,0,5,6,2,27,11,26,6,16,7,3,0,11,1,2,11,4,2,2,34,38,1,4,3,2,6,39,3,2,1,2,6,6,0,1,16,11,2,20
Shakespeare,18,Othello,1531,9,1700,18,4,0,1,43,1,7,12,2,16,2,14,4,1,12,1,2,1,16,9,3,3,7,16,9,10,22,3,16,11,0,3,9,1,43,7,33,3,36,3,2,0,6,1,4,10,3,5,4,25,23,4,5,4,3,9,46,3,2,1,4,7,7,3,4,6,12,4,16
Shakespeare,18,Othello,1531,10,1700,27,9,0,0,40,1,7,14,4,22,4,16,6,0,13,0,1,0,15,5,5,0,12,17,5,9,10,0,15,31,0,6,3,0,19,4,24,9,18,8,3,0,8,1,3,9,3,3,4,33,45,4,7,2,0,14,40,6,4,6,3,12,1,4,0,11,17,5,6
Shakespeare,18,Othello,1531,11,1700,27,7,0,1,49,0,9,8,1,16,1,15,3,7,12,0,2,1,13,10,4,0,12,8,12,6,22,2,28,29,0,2,4,4,33,9,23,9,24,6,2,0,5,3,4,10,6,6,2,20,36,1,2,5,1,18,33,1,1,6,6,6,3,2,1,11,9,3,10
Shakespeare,18,Othello,1531,12,1700,36,6,0,6,48,2,5,5,3,12,0,14,12,1,13,0,4,3,8,1,5,0,7,26,10,7,19,1,17,30,0,5,3,9,18,7,19,15,19,10,3,0,6,0,3,18,4,4,1,29,37,2,5,5,0,7,22,0,2,4,2,17,5,2,2,12,12,7,10
Shakespeare,18,Othello,1531,13,1700,17,6,0,3,41,2,6,11,4,11,2,8,3,2,14,1,2,0,11,4,2,0,17,17,8,10,17,1,21,15,0,4,1,1,38,5,22,0,22,5,2,0,5,3,6,5,3,0,0,25,41,2,4,7,0,17,30,4,3,2,1,22,0,1,4,7,15,10,19
Shakespeare,18,Othello,1531,14,1700,21,6,0,1,49,3,3,4,3,13,0,12,7,1,20,0,3,2,7,8,4,0,17,18,17,12,19,1,14,23,0,3,0,2,22,7,24,9,17,7,5,0,4,1,1,9,10,9,4,17,30,0,2,5,1,8,38,1,4,4,0,13,0,2,2,20,13,6,10
Shakespeare,18,Othello,1531,15,1700,33,3,0,0,37,2,6,12,6,12,3,9,6,0,20,0,2,1,17,4,2,0,14,5,6,4,21,1,27,22,0,5,3,5,15,10,13,1,16,4,3,0,10,2,3,9,7,9,2,26,41,6,2,7,0,13,23,0,4,2,1,15,2,0,5,4,5,5,5
Shakespeare,18,Othello,1531,16,1700,19,6,0,3,33,1,6,8,1,7,2,13,8,2,9,2,0,0,15,0,4,0,12,11,5,8,8,0,16,16,0,3,8,4,39,10,24,6,13,9,5,0,0,0,5,13,1,3,3,26,25,1,7,3,0,8,25,0,3,15,3,20,3,2,4,8,11,5,6
Shakespeare,19,King Lear,1532,1,1700,31,10,0,3,47,0,4,14,3,15,2,4,10,4,5,0,1,0,6,6,3,0,9,8,8,1,23,1,5,6,0,3,6,3,48,8,5,7,52,8,0,2,3,16,0,11,1,0,8,13,59,1,2,2,0,15,43,0,0,3,0,5,4,5,2,3,13,0,7
Shakespeare,19,King Lear,1532,2,1700,21,6,0,1,40,0,8,12,2,11,3,11,3,3,4,0,2,0,13,10,0,0,15,13,10,6,14,2,16,16,0,4,4,6,19,7,19,5,43,4,0,0,10,27,4,8,1,8,4,26,41,2,5,3,0,12,42,5,4,2,1,11,3,6,5,6,19,2,23
Shakespeare,19,King Lear,1532,3,1700,24,5,0,5,48,2,7,13,6,10,2,7,12,5,9,1,0,2,10,7,2,1,14,0,20,14,30,2,12,29,0,5,1,1,30,8,13,4,38,6,2,0,1,6,6,9,2,1,3,28,48,0,0,5,0,13,36,0,0,2,4,14,6,4,3,5,11,8,12
Shakespeare,19,King Lear,1532,4,1700,31,5,1,8,38,2,10,7,0,15,0,6,8,4,7,1,0,0,16,2,7,1,17,4,7,8,11,2,8,10,0,2,6,3,34,7,22,8,23,7,5,1,1,2,4,13,1,1,11,23,46,4,4,6,0,11,21,2,0,0,5,7,9,6,3,12,5,11,13
Shakespeare,19,King Lear,1532,5,1700,33,4,0,3,38,0,10,7,4,17,3,6,2,3,3,0,0,2,6,5,1,2,19,14,14,7,19,3,7,10,0,10,8,3,34,10,19,8,34,4,4,0,0,1,2,6,2,3,8,21,45,4,3,1,1,14,34,1,3,1,2,12,6,5,1,5,13,3,11
Shakespeare,19,King Lear,1532,6,1700,31,4,0,3,35,3,2,4,5,9,3,6,3,2,2,1,0,2,9,6,3,0,13,1,15,12,14,2,8,13,0,2,5,4,24,8,16,3,35,7,4,0,6,8,3,7,2,6,3,18,43,6,2,1,0,14,27,1,6,6,3,13,2,9,3,6,8,6,19
Shakespeare,19,King Lear,1532,7,1700,16,11,0,3,47,0,9,6,5,3,2,13,9,2,7,5,0,0,13,8,1,0,11,4,14,3,14,0,12,12,0,4,5,2,23,13,20,1,20,4,1,1,2,2,4,9,2,2,2,24,66,11,1,5,0,18,34,2,1,3,1,4,7,5,2,8,21,7,9
Shakespeare,19,King Lear,1532,8,1700,21,6,0,0,39,0,8,5,2,15,0,13,5,2,10,1,0,0,8,6,0,0,10,22,9,9,17,3,14,8,0,1,8,5,36,10,28,2,20,10,5,1,9,3,3,11,2,5,3,19,50,4,2,3,2,9,46,2,3,0,1,12,4,4,4,11,17,3,15
Shakespeare,19,King Lear,1532,9,1700,30,8,0,0,49,2,8,9,2,8,1,14,1,1,5,0,1,2,9,5,1,4,12,1,6,5,24,1,17,7,0,0,10,4,23,13,12,4,30,8,1,0,3,6,2,4,5,7,8,33,61,9,4,9,3,25,38,1,1,2,0,5,10,5,9,15,11,1,13
Shakespeare,19,King Lear,1532,10,1700,46,9,0,3,47,0,2,4,2,11,3,5,3,1,6,0,0,0,5,6,3,1,10,4,24,2,31,2,16,10,0,2,4,1,23,12,9,6,28,9,2,0,4,2,1,1,1,3,3,18,77,2,0,9,0,15,35,0,3,2,2,12,1,1,5,9,13,1,9
Shakespeare,19,King Lear,1532,11,1700,18,6,0,1,45,1,11,3,8,6,0,6,4,0,7,3,0,0,9,4,2,0,14,7,18,6,16,0,14,8,0,2,2,3,23,5,15,7,20,7,7,1,8,8,1,6,6,3,1,14,55,2,4,4,1,8,39,5,7,3,0,8,4,5,4,10,7,2,11
Shakespeare,19,King Lear,1532,12,1700,23,4,0,3,43,0,7,5,5,8,4,9,3,4,8,1,1,0,8,6,2,1,13,2,15,6,15,3,14,9,1,4,3,5,26,8,19,3,23,6,1,0,2,7,3,11,3,1,2,21,65,4,6,2,0,11,35,1,1,5,2,8,4,6,7,5,6,4,12
Shakespeare,19,King Lear,1532,13,1700,17,9,0,3,43,1,11,6,4,7,3,7,5,1,9,4,2,1,5,7,3,0,4,24,16,6,22,0,17,14,0,5,3,1,17,11,18,6,19,5,3,0,4,9,4,13,2,1,3,19,49,0,4,3,1,9,30,5,2,6,2,9,5,6,4,4,15,3,13
Shakespeare,19,King Lear,1532,14,1700,37,6,0,2,32,0,8,3,4,7,0,4,4,1,9,3,1,1,9,5,3,0,8,5,7,4,17,0,14,15,0,2,2,2,20,13,15,7,27,6,3,1,3,2,0,2,2,0,1,23,65,3,3,13,1,8,35,2,4,6,4,8,5,6,5,8,11,4,14
Shakespeare,19,King Lear,1532,15,1700,12,3,0,3,48,0,6,10,3,20,3,7,6,3,11,0,1,1,11,2,5,1,14,8,9,6,18,0,18,7,0,1,3,2,26,6,23,4,31,5,2,0,4,6,5,9,1,0,1,14,65,2,4,2,0,15,28,4,4,4,2,3,3,3,3,11,18,3,17
Shakespeare,19,King Lear,1532,16,1700,21,3,0,3,64,2,9,10,3,3,1,5,12,1,10,5,2,0,9,3,1,1,11,5,7,12,21,0,14,12,0,5,4,1,23,8,16,0,24,9,1,0,4,5,3,8,3,1,4,21,48,7,0,2,1,20,31,1,7,0,3,9,2,4,9,7,9,0,13
Shakespeare,20,Romeo and Juliet,1513,1,1700,29,6,0,8,40,2,1,9,9,6,2,8,9,1,9,4,0,0,5,9,0,0,4,0,12,9,22,1,11,9,0,1,4,2,15,6,13,1,41,5,4,0,4,10,2,2,0,0,0,5,66,11,2,1,0,9,47,3,1,2,3,7,2,5,4,10,18,0,12
Shakespeare,20,Romeo and Juliet,1513,2,1700,23,7,0,2,47,0,6,9,7,11,0,17,7,5,5,0,1,0,7,4,0,0,7,16,18,3,30,0,24,8,0,3,9,1,22,4,13,4,29,3,7,1,3,1,6,16,4,6,3,29,37,2,3,2,0,9,32,2,0,3,0,11,4,3,4,9,19,2,3
Shakespeare,20,Romeo and Juliet,1513,3,1700,49,6,0,7,46,0,6,8,5,10,1,9,10,3,3,1,2,2,17,3,2,0,9,8,7,3,25,0,13,20,0,1,2,3,14,9,12,7,37,9,2,2,5,8,4,7,0,3,3,14,54,2,11,1,1,11,26,3,5,6,3,11,3,1,3,4,19,1,6
Shakespeare,20,Romeo and Juliet,1513,4,1700,43,7,0,5,48,0,7,10,4,14,0,7,8,2,6,0,2,0,17,6,0,0,11,9,12,3,19,0,34,11,0,2,8,4,34,1,16,13,30,3,3,3,4,4,1,7,3,3,1,24,50,3,6,1,0,17,33,1,1,1,1,13,4,9,1,7,13,4,3
Shakespeare,20,Romeo and Juliet,1513,5,1700,21,6,0,3,51,3,3,12,7,16,1,21,16,2,7,2,0,0,14,1,2,0,9,16,4,14,16,0,23,21,0,1,8,2,26,5,20,1,20,5,5,1,4,0,2,7,5,1,4,35,37,5,1,4,0,11,32,1,3,1,11,12,4,7,3,6,5,11,0
Shakespeare,20,Romeo and Juliet,1513,6,1700,41,4,0,1,40,2,0,10,1,5,3,13,8,2,0,0,0,1,16,8,1,0,7,9,13,2,19,0,20,12,0,5,2,2,16,4,18,4,22,12,4,0,2,2,3,17,3,5,3,30,47,6,7,4,0,11,35,1,3,3,3,9,3,0,1,8,20,5,3
Shakespeare,20,Romeo and Juliet,1513,7,1700,51,2,0,7,45,4,2,21,5,18,1,8,6,3,4,2,0,2,20,2,4,0,8,11,9,8,18,0,31,17,0,3,2,2,20,9,15,9,25,2,4,0,3,1,4,6,4,1,8,24,42,0,1,7,0,9,36,1,3,5,4,14,8,4,0,11,10,5,2
Shakespeare,20,Romeo and Juliet,1513,8,1700,47,2,0,9,42,3,2,19,2,13,2,15,8,3,4,2,1,0,19,1,0,0,9,2,10,3,24,1,18,11,0,3,3,3,22,6,13,2,24,3,8,0,3,1,3,9,3,7,4,19,50,3,3,3,0,12,29,5,2,1,3,10,3,4,0,7,19,3,23
Shakespeare,20,Romeo and Juliet,1513,9,1700,23,16,0,5,37,0,5,6,4,13,0,14,4,4,3,2,0,1,12,1,3,0,8,0,7,8,20,0,22,13,0,3,1,3,21,7,12,4,24,2,4,0,10,2,4,7,4,6,4,35,37,4,3,8,0,12,30,3,3,8,0,10,5,5,6,7,18,6,6
Shakespeare,20,Romeo and Juliet,1513,10,1700,27,6,0,4,54,0,4,7,5,9,0,18,7,3,5,1,3,3,11,12,1,0,6,13,6,1,21,1,28,8,0,6,7,1,21,9,17,3,22,7,1,0,1,3,3,7,0,2,4,22,31,1,9,6,1,7,30,7,4,1,1,10,3,5,3,6,11,1,7
Shakespeare,20,Romeo and Juliet,1513,11,1700,25,4,0,5,39,0,5,3,3,24,1,16,5,1,7,2,1,1,17,5,1,0,11,13,3,4,16,0,27,26,0,4,6,3,22,8,28,10,15,4,5,0,4,7,2,20,6,4,2,24,40,0,5,4,0,10,35,4,2,3,3,12,2,3,3,12,11,6,9
Shakespeare,20,Romeo and Juliet,1513,12,1700,26,3,0,4,38,0,6,10,2,21,1,6,7,0,14,0,0,0,11,6,1,0,9,10,5,9,20,2,20,28,0,8,3,5,30,9,28,7,21,10,4,1,16,2,4,14,2,0,4,26,26,1,6,1,1,18,51,1,1,1,1,8,4,6,0,11,19,3,7
Shakespeare,20,Romeo and Juliet,1513,13,1700,19,9,0,3,45,0,8,9,3,16,5,5,3,1,3,2,0,0,20,6,0,0,13,12,6,7,22,2,19,9,0,1,1,3,20,7,16,9,14,6,0,1,2,5,4,7,4,3,0,12,45,1,4,6,2,20,32,10,3,1,0,18,3,2,0,11,17,1,7
Shakespeare,20,Romeo and Juliet,1513,14,1700,17,10,0,5,59,2,5,10,2,10,0,12,5,2,7,0,1,0,16,7,3,0,7,14,6,4,26,0,24,13,0,5,2,2,29,10,16,6,13,3,4,0,0,6,2,6,4,4,1,16,36,2,10,4,2,17,30,8,2,4,2,7,2,1,1,19,18,2,9
Shakespeare,20,Romeo and Juliet,1513,15,1700,28,3,0,3,50,0,4,5,6,15,2,6,8,3,9,0,0,0,9,5,2,0,4,3,9,4,22,1,17,17,0,2,4,4,27,5,16,2,27,2,5,0,6,2,3,10,3,0,5,25,45,1,4,9,0,19,33,3,7,4,2,11,2,4,5,14,21,2,2
Shakespeare,21,Julius Caesar,1522,1,1700,32,7,0,2,34,1,2,11,1,15,0,11,7,2,16,1,0,2,8,4,2,0,13,2,8,6,26,5,16,9,0,2,2,2,11,6,21,5,44,8,2,1,2,1,0,6,4,2,4,24,62,5,3,1,1,10,36,1,6,1,1,16,4,5,3,6,12,7,20
Shakespeare,21,Julius Caesar,1522,2,1700,30,4,0,1,64,2,9,29,9,9,1,17,12,2,5,4,0,2,15,4,8,1,14,2,17,8,15,1,16,30,0,0,4,1,7,6,15,5,24,5,5,1,3,4,5,10,5,9,6,26,54,9,6,6,1,9,25,1,6,18,5,18,8,0,1,7,14,9,0
Shakespeare,21,Julius Caesar,1522,3,1700,26,11,0,1,60,1,12,9,7,16,0,14,8,3,8,1,3,2,16,7,0,0,11,0,15,8,23,0,22,14,0,3,1,1,5,6,12,7,29,3,2,0,8,6,3,15,2,2,1,18,54,7,5,8,4,20,41,4,6,1,5,7,7,3,8,17,15,5,5
Shakespeare,21,Julius Caesar,1522,4,1700,19,8,0,4,56,3,9,10,5,12,2,17,11,3,11,0,1,5,20,6,1,0,7,0,15,9,15,0,26,17,0,9,2,3,7,16,26,0,36,3,3,1,5,13,2,8,1,3,4,25,64,5,10,5,0,11,33,6,1,1,3,8,12,6,1,13,11,3,5
Shakespeare,21,Julius Caesar,1522,5,1700,20,11,1,5,56,1,12,7,5,7,2,14,11,3,8,0,1,1,9,4,2,0,17,1,6,5,23,0,18,19,0,0,3,3,25,9,29,4,37,6,4,0,2,3,7,10,4,1,2,27,53,4,5,3,4,5,39,3,7,2,5,12,4,6,4,15,14,4,21
Shakespeare,21,Julius Caesar,1522,6,1700,20,6,0,5,50,1,7,8,6,18,2,10,2,2,5,0,0,2,19,3,2,0,10,1,6,11,17,1,26,11,0,5,3,3,15,2,20,5,20,4,4,0,1,3,1,9,2,1,1,25,50,3,0,7,0,10,49,2,2,2,2,19,3,5,0,18,7,2,11
Shakespeare,21,Julius Caesar,1522,7,1700,15,14,0,0,63,2,5,15,2,15,0,11,13,1,15,2,2,1,3,1,1,0,10,0,10,4,24,1,11,9,0,5,2,3,8,9,20,8,40,7,1,1,3,16,4,20,3,1,4,29,46,2,9,2,0,18,26,2,4,4,3,7,2,2,3,11,12,1,14
Shakespeare,21,Julius Caesar,1522,8,1700,20,9,0,4,43,5,7,8,1,14,0,8,4,1,12,0,0,0,26,1,3,2,15,0,26,10,17,5,22,21,0,3,2,2,10,5,21,2,31,1,0,0,0,1,3,9,2,1,5,21,54,7,6,8,1,9,38,3,0,14,6,7,3,6,5,29,22,5,5
Shakespeare,21,Julius Caesar,1522,9,1700,29,7,0,2,56,0,10,13,7,7,0,9,3,0,11,7,1,5,11,2,2,0,9,0,19,2,14,0,19,8,0,2,2,4,7,5,11,6,23,8,2,1,7,6,3,6,8,2,2,18,47,2,7,3,2,9,38,4,3,4,3,10,3,3,2,14,9,1,10
Shakespeare,21,Julius Caesar,1522,10,1700,25,5,0,4,42,1,12,10,3,20,1,11,11,1,15,0,0,2,23,8,2,0,14,0,15,5,15,1,14,9,0,2,3,5,18,9,31,2,20,5,2,0,2,7,9,11,2,9,8,17,27,5,1,4,1,14,32,0,3,3,2,9,15,5,1,6,13,1,22
Shakespeare,21,Julius Caesar,1522,11,1700,14,2,0,3,48,0,10,4,11,6,0,7,9,0,14,6,3,1,8,3,1,0,16,5,4,3,22,0,20,22,0,2,5,7,32,8,20,7,31,10,3,0,3,12,2,17,5,2,1,19,40,10,4,3,0,12,19,2,6,3,0,4,2,3,1,12,13,4,15
Shakespeare,21,Julius Caesar,1522,12,1700,13,7,0,0,48,0,12,9,1,7,1,10,7,0,9,2,4,0,12,4,1,0,8,0,10,12,12,1,23,15,0,4,4,1,21,5,22,10,26,17,1,0,2,12,1,9,3,2,1,25,50,4,7,2,2,27,28,5,2,8,1,7,3,3,2,8,11,2,3
Shakespeare,22,The Tempest,23042,1,1700,36,5,2,7,37,5,15,12,13,9,1,6,8,2,5,4,0,1,9,7,4,0,12,9,7,8,18,0,9,5,0,1,6,2,14,10,11,4,45,4,1,1,7,9,2,6,1,1,6,11,71,1,2,3,0,10,31,0,3,4,2,9,1,3,2,1,10,5,7
Shakespeare,22,The Tempest,23042,2,1700,26,16,0,4,47,0,3,4,3,6,0,14,8,1,4,0,0,2,12,5,3,0,13,0,16,2,19,2,10,9,1,0,7,1,34,6,19,13,29,7,2,1,4,1,4,10,4,1,2,21,84,3,8,4,0,11,45,3,5,11,3,9,2,11,4,3,14,4,2
Shakespeare,22,The Tempest,23042,3,1700,28,8,0,1,48,1,3,12,3,11,2,11,6,0,8,0,0,1,14,4,3,0,8,8,9,7,18,4,7,17,1,4,7,3,23,10,10,5,21,10,3,0,5,2,1,7,3,3,2,25,38,1,4,4,0,20,19,1,5,11,2,10,5,10,4,4,15,3,3
Shakespeare,22,The Tempest,23042,4,1700,19,8,0,3,23,0,9,7,4,13,0,11,4,3,4,0,0,2,7,5,1,1,11,0,8,2,12,1,12,12,0,0,6,1,15,7,14,4,16,9,5,4,5,7,2,9,2,4,3,7,36,1,7,2,1,9,25,3,2,1,1,4,2,4,8,5,8,1,0
Shakespeare,22,The Tempest,23042,5,1700,22,12,0,4,42,1,7,17,9,10,0,8,6,0,10,0,0,1,10,3,5,0,5,3,14,6,20,1,19,26,1,3,7,2,16,13,17,3,39,6,1,1,11,6,5,12,1,3,4,15,48,4,2,5,2,10,29,2,3,6,5,13,7,5,6,6,9,13,10
Shakespeare,22,The Tempest,23042,6,1700,36,7,0,2,31,3,5,15,5,5,0,9,10,4,7,0,2,2,11,9,1,0,4,0,12,7,13,1,10,11,1,1,0,1,20,5,12,9,24,6,5,0,6,4,3,9,2,0,3,35,35,2,5,7,0,15,24,1,6,3,9,8,2,5,3,4,10,5,10
Shakespeare,22,The Tempest,23042,7,1700,43,2,0,4,45,4,5,7,10,16,1,11,11,5,9,2,1,1,14,2,3,1,5,4,12,9,12,0,20,11,0,0,6,1,21,8,16,11,20,4,0,0,0,2,3,3,6,1,1,14,42,1,5,2,1,16,28,2,6,3,0,2,5,4,2,15,10,3,8
Shakespeare,22,The Tempest,23042,8,1700,34,4,0,1,38,3,8,15,5,12,0,16,8,3,19,1,0,1,9,3,1,2,4,1,11,12,13,3,10,20,0,2,7,2,34,8,18,3,19,4,3,0,5,0,4,11,2,2,5,13,32,1,2,4,0,17,34,1,1,1,2,12,9,2,1,9,14,8,17
Shakespeare,22,The Tempest,23042,9,1700,22,5,0,0,63,4,16,9,7,11,0,7,11,2,6,1,2,0,11,3,3,0,7,1,4,6,18,0,17,12,0,2,2,1,22,7,11,8,29,9,6,1,2,5,2,3,1,7,4,20,44,9,5,8,0,20,29,2,4,1,4,8,4,4,4,19,11,4,7
Shakespeare,22,The Tempest,23042,10,1700,18,6,0,1,55,0,8,9,4,18,0,6,2,2,9,2,0,1,10,3,1,1,6,18,3,5,10,4,10,7,0,3,3,3,28,6,7,6,25,11,5,0,7,5,0,7,4,3,1,12,40,10,3,2,0,16,28,4,5,0,5,3,2,6,3,4,25,1,10
Shakespeare,22,The Tempest,23042,11,1700,20,16,0,3,44,0,4,6,7,9,0,8,8,1,16,1,2,0,12,4,0,1,11,1,9,3,13,0,17,8,0,2,2,0,29,3,8,8,14,10,1,1,3,4,2,7,2,1,5,17,48,14,1,6,0,22,24,3,2,1,1,3,3,8,1,3,13,2,12
Shakespeare,22,The Tempest,23042,12,1700,29,11,0,3,56,0,6,13,9,13,2,9,5,0,9,2,4,0,14,4,2,1,19,8,6,5,16,0,15,6,0,1,5,4,22,7,16,8,30,10,4,0,7,6,4,9,4,1,2,23,44,6,1,9,1,25,30,0,4,9,12,2,5,8,3,7,10,5,6
Shakespeare,22,The Tempest,23042,13,1700,18,9,1,1,45,0,7,16,2,25,3,5,7,2,3,0,0,3,12,3,2,1,9,5,4,2,30,0,21,14,1,1,1,4,26,5,11,12,36,3,7,2,6,4,2,6,1,3,2,12,52,2,3,4,1,16,37,0,0,6,0,5,4,12,4,5,9,2,14
Shakespeare,23,A Midsummer Night's Dream,1514,1,1700,31,5,0,2,44,1,2,17,1,10,0,11,15,2,6,0,0,1,11,3,0,0,8,12,6,6,34,0,14,13,0,7,3,4,33,2,8,2,39,4,2,1,14,7,2,10,2,2,4,17,58,2,5,4,1,7,55,4,3,2,1,5,1,8,0,10,25,2,18
Shakespeare,23,A Midsummer Night's Dream,1514,2,1700,35,11,0,2,55,4,4,14,5,9,0,12,5,3,8,2,0,3,13,5,1,0,8,7,7,6,23,2,22,13,0,4,8,7,14,9,7,4,21,7,3,1,7,10,4,9,7,3,2,21,60,6,4,4,1,5,29,0,3,2,7,10,4,1,0,24,6,8,15
Shakespeare,23,A Midsummer Night's Dream,1514,3,1700,22,5,0,1,74,0,6,10,7,8,0,12,7,4,15,1,1,1,12,13,0,0,6,15,9,4,30,3,10,13,0,0,3,2,11,4,23,3,30,17,3,1,11,6,2,1,0,2,1,15,88,12,7,1,0,11,23,4,5,2,2,2,11,4,1,9,25,2,13
Shakespeare,23,A Midsummer Night's Dream,1514,4,1700,29,9,0,1,51,0,8,9,3,13,0,9,4,2,24,0,0,0,20,2,0,0,4,9,6,5,17,0,19,13,0,4,3,5,24,14,24,7,26,10,7,0,6,9,2,17,6,2,2,16,50,2,7,6,3,16,23,0,4,2,1,8,9,1,3,10,24,0,8
Shakespeare,23,A Midsummer Night's Dream,1514,5,1700,37,4,0,7,66,0,2,9,9,11,0,7,3,3,8,2,0,3,11,7,1,0,8,3,15,8,17,2,16,10,0,3,7,13,13,5,13,4,26,7,2,1,11,2,1,12,6,2,2,21,46,5,4,4,1,9,39,2,4,2,4,9,4,1,3,9,13,7,15
Shakespeare,23,A Midsummer Night's Dream,1514,6,1700,17,13,0,3,43,0,5,18,4,10,1,12,5,3,11,1,3,0,14,6,3,0,10,13,9,8,26,0,18,14,0,3,7,4,12,4,21,7,23,8,12,0,1,6,8,22,7,0,5,20,39,3,4,3,4,16,34,3,1,1,2,6,10,1,2,11,19,5,11
Shakespeare,23,A Midsummer Night's Dream,1514,7,1700,13,8,0,2,47,1,9,9,3,10,0,12,9,5,10,5,1,0,11,7,2,0,8,24,5,6,13,2,11,3,0,3,4,2,20,13,27,6,13,6,2,0,5,1,4,21,1,1,8,16,16,4,6,2,1,17,24,6,3,3,0,10,5,2,1,13,20,3,10
Shakespeare,23,A Midsummer Night's Dream,1514,8,1700,17,8,0,4,58,0,5,6,1,13,0,14,6,3,8,3,0,3,8,6,3,0,16,11,5,4,28,0,9,5,0,3,4,2,31,7,6,11,37,7,3,0,2,5,3,9,2,5,2,13,62,6,4,2,1,19,29,6,3,7,0,6,6,2,0,7,17,4,12
Shakespeare,23,A Midsummer Night's Dream,1514,9,1700,35,9,0,6,58,2,11,8,2,9,1,13,5,5,7,0,0,1,18,4,7,0,19,2,7,7,31,1,35,30,0,1,10,2,17,8,23,6,36,0,3,1,3,7,0,2,6,4,5,18,60,7,2,6,3,9,38,0,1,7,0,14,5,6,0,13,9,2,11
Shakespeare,23,A Midsummer Night's Dream,1514,10,1700,23,11,0,4,52,0,10,9,8,7,0,15,7,2,7,1,0,0,21,1,1,0,5,3,16,7,21,2,35,13,0,3,0,2,22,14,15,8,17,6,4,0,2,4,8,9,0,1,2,23,67,1,4,3,1,28,29,2,1,3,0,4,4,9,1,5,14,6,4
Shakespeare,24,Much Ado About Nothing,1519,1,1700,68,10,0,4,31,2,8,10,6,8,1,17,5,2,5,0,1,1,16,3,4,0,9,13,15,5,29,2,34,17,0,2,0,3,16,10,14,3,38,7,1,2,4,1,3,7,2,4,8,18,35,1,2,6,0,8,27,1,1,3,6,5,3,0,2,8,10,7,12
Shakespeare,24,Much Ado About Nothing,1519,2,1700,34,4,0,5,49,5,3,8,6,16,0,18,6,3,8,0,0,0,11,2,4,0,17,17,10,14,33,2,25,25,0,8,1,2,30,10,16,4,23,8,1,1,2,0,7,9,1,3,5,25,56,2,2,2,0,15,33,2,1,1,4,7,6,1,1,19,23,6,11
Shakespeare,24,Much Ado About Nothing,1519,3,1700,46,4,0,7,57,5,9,8,7,14,0,10,8,6,8,1,2,3,19,2,5,0,3,7,11,11,27,5,30,13,0,4,4,2,22,11,23,1,17,7,4,2,3,0,4,11,1,1,6,20,52,1,7,6,0,4,29,3,3,4,4,8,6,4,6,14,13,8,13
Shakespeare,24,Much Ado About Nothing,1519,4,1700,39,9,0,6,38,2,3,12,3,9,3,15,7,1,4,2,1,3,17,2,5,0,24,22,13,8,19,4,18,17,0,6,0,1,25,8,15,6,31,7,6,0,3,0,3,11,1,1,2,15,55,2,3,3,3,3,33,1,4,5,7,2,2,3,2,14,15,12,19
Shakespeare,24,Much Ado About Nothing,1519,5,1700,30,7,0,8,45,8,3,6,5,15,2,15,4,6,6,0,0,0,8,0,5,0,15,8,13,3,28,2,18,20,0,2,5,0,24,13,16,5,35,9,9,2,6,0,4,14,1,6,2,27,49,1,3,4,0,12,38,1,0,7,1,9,4,1,2,19,12,8,8
Shakespeare,24,Much Ado About Nothing,1519,6,1700,30,5,0,3,47,2,4,16,1,14,1,7,10,3,9,2,1,0,18,4,3,0,11,46,3,13,22,3,19,29,0,5,3,7,16,10,12,5,34,3,4,2,1,4,6,15,5,2,6,29,44,3,3,5,0,9,39,3,4,2,4,2,6,1,1,24,10,8,6
Shakespeare,24,Much Ado About Nothing,1519,7,1700,33,6,0,4,45,3,4,18,5,20,3,12,6,4,3,0,3,3,21,4,1,2,12,18,16,20,20,2,21,25,0,4,2,2,10,12,19,3,21,2,3,2,7,1,7,15,5,3,3,17,35,2,4,5,0,5,35,1,0,1,5,11,6,6,4,14,22,10,9
Shakespeare,24,Much Ado About Nothing,1519,8,1700,47,7,1,5,52,8,10,4,5,18,2,12,14,0,3,2,0,0,19,0,1,1,8,9,5,12,18,2,24,13,0,7,4,1,12,8,24,2,29,4,4,1,3,1,4,7,1,2,2,19,71,0,6,7,0,11,26,4,2,4,3,8,5,4,1,15,12,5,16
Shakespeare,24,Much Ado About Nothing,1519,9,1700,31,7,0,5,37,7,17,24,3,15,0,14,10,6,11,1,0,0,8,0,0,0,13,17,7,7,20,0,23,22,0,5,3,4,22,10,20,6,22,4,4,3,5,5,3,7,6,2,3,23,27,3,3,4,2,19,42,0,2,2,4,19,1,0,1,6,12,9,20
Shakespeare,24,Much Ado About Nothing,1519,10,1700,21,9,0,0,41,4,2,9,6,13,4,15,6,2,12,2,1,3,18,2,7,0,12,32,5,9,26,5,20,26,0,5,4,1,22,8,36,2,43,8,3,1,1,0,2,15,4,4,4,33,37,1,5,5,1,17,25,6,3,6,3,7,2,5,3,11,14,4,6
Shakespeare,24,Much Ado About Nothing,1519,11,1700,44,5,0,7,55,2,13,12,3,15,1,10,7,2,10,9,0,2,13,1,4,0,7,6,10,6,18,5,26,12,0,1,4,2,21,7,18,2,22,2,5,2,3,1,3,11,4,7,5,33,30,3,1,3,0,12,28,0,5,4,5,7,2,8,1,13,18,5,6
Shakespeare,24,Much Ado About Nothing,1519,12,1700,37,5,0,7,52,2,7,6,1,10,3,12,7,1,7,1,3,0,12,4,5,0,19,4,6,7,18,1,18,14,0,2,3,3,25,7,16,4,12,7,5,0,3,2,2,3,1,1,1,14,32,6,4,5,1,12,33,2,4,5,2,17,7,7,2,10,9,4,22
Shakespeare,24,Much Ado About Nothing,1519,13,1700,26,7,1,6,66,1,3,7,2,9,2,10,9,2,7,0,1,0,28,3,0,0,5,14,7,6,35,1,17,19,0,1,0,6,20,7,13,7,29,2,3,1,1,2,1,12,1,0,2,17,44,0,5,4,1,13,32,1,4,6,1,2,5,12,5,25,17,0,19
Shakespeare,25,Twelfth Night,1526,1,1700,49,5,1,4,48,1,4,11,1,11,0,10,5,1,5,0,1,0,10,4,2,1,7,18,5,1,37,2,16,10,0,4,1,2,24,4,12,5,33,6,2,1,3,2,1,15,1,1,1,31,47,1,4,4,0,11,30,0,2,5,2,17,6,1,4,11,10,5,6
Shakespeare,25,Twelfth Night,1526,2,1700,40,4,0,5,31,3,9,15,3,14,1,14,3,5,9,3,1,0,16,0,3,2,11,11,8,11,35,1,20,20,0,3,7,1,23,15,22,2,22,3,2,0,8,0,1,10,2,2,5,30,36,1,5,3,1,5,23,0,0,2,2,10,2,0,1,16,7,5,15
Shakespeare,25,Twelfth Night,1526,3,1700,36,2,0,3,42,3,12,7,9,17,1,11,4,1,5,0,2,1,14,5,0,2,11,2,6,12,23,0,26,19,0,2,5,0,27,14,14,5,40,4,10,0,3,0,3,8,2,4,3,10,46,0,1,3,1,6,39,0,1,1,7,20,2,1,1,13,19,7,25
Shakespeare,25,Twelfth Night,1526,4,1700,39,2,0,4,28,1,5,8,5,21,1,9,5,2,7,0,3,1,16,2,5,3,13,13,4,10,22,1,24,24,0,3,3,3,27,8,28,7,37,5,5,0,2,3,2,14,2,4,1,21,39,1,3,6,0,12,31,6,1,4,4,13,2,1,0,17,10,4,13
Shakespeare,25,Twelfth Night,1526,5,1700,35,5,0,4,38,2,11,11,2,14,0,10,9,4,13,0,2,0,17,1,1,0,7,10,9,12,17,1,20,24,0,0,10,4,25,10,17,6,39,5,4,0,6,3,1,11,5,2,7,31,43,3,4,7,0,6,26,1,3,3,0,7,2,0,1,7,12,4,13
Shakespeare,25,Twelfth Night,1526,6,1700,34,7,0,3,44,2,4,11,5,21,2,15,3,4,5,2,1,2,13,2,2,2,7,20,2,7,19,3,17,9,0,6,6,5,37,11,16,7,33,6,3,0,3,6,9,5,5,0,3,17,44,2,5,6,0,23,33,3,2,1,1,12,0,1,3,10,18,5,6
Shakespeare,25,Twelfth Night,1526,7,1700,36,3,0,0,41,0,12,8,5,16,0,16,15,3,9,0,0,1,16,3,3,2,8,8,8,8,8,1,21,11,0,2,3,4,31,12,18,4,26,6,7,0,3,0,3,10,0,3,6,22,44,2,4,3,0,8,38,0,3,2,2,8,2,3,1,14,14,14,19
Shakespeare,25,Twelfth Night,1526,8,1700,26,3,0,4,43,1,3,13,5,17,3,9,6,4,11,1,0,1,15,3,1,0,18,2,8,10,27,4,22,17,0,1,5,2,17,11,17,4,38,3,3,2,3,3,3,7,12,5,6,9,47,0,4,5,2,15,32,0,6,4,5,9,0,3,1,11,15,4,20
Shakespeare,25,Twelfth Night,1526,9,1700,28,2,0,3,45,4,2,11,7,14,0,17,6,5,8,1,1,0,20,3,0,0,11,1,15,6,16,3,32,16,0,6,5,2,22,13,19,7,44,7,2,0,4,3,0,10,5,1,2,21,45,1,0,2,1,15,34,0,6,0,1,10,1,4,0,18,18,2,8
Shakespeare,25,Twelfth Night,1526,10,1700,24,2,0,6,35,5,6,11,2,17,2,9,8,4,12,0,1,0,23,4,3,3,15,2,14,11,16,0,12,10,0,0,4,3,25,9,20,10,27,12,4,0,5,1,0,7,3,5,5,20,33,0,1,12,0,12,25,4,0,1,2,10,0,1,1,19,17,2,12
Shakespeare,25,Twelfth Night,1526,11,1700,21,4,0,3,52,4,6,26,4,17,0,12,9,2,9,1,0,0,14,0,0,0,3,3,8,6,25,1,20,10,0,4,3,0,27,8,15,5,26,2,3,0,4,2,0,11,5,2,4,26,48,2,4,8,0,26,37,1,0,4,5,10,0,1,5,12,12,4,6
Shakespeare,25,Twelfth Night,1526,12,1700,32,5,0,5,44,0,3,7,4,12,2,17,12,3,15,0,2,0,14,3,6,5,10,5,12,5,16,1,15,15,0,5,7,1,30,4,16,3,27,7,9,0,4,1,1,8,0,1,6,30,36,1,2,5,0,14,27,1,4,6,2,13,6,3,4,6,11,8,15
Shakespeare,26,As You Like It,1523,1,1700,28,1,0,4,43,1,8,17,8,9,0,9,8,1,4,0,1,2,15,7,3,1,10,6,19,4,23,2,19,11,0,1,1,3,28,9,11,1,45,7,1,0,7,0,3,8,4,5,3,19,59,3,1,5,0,8,35,1,3,3,1,7,1,4,0,14,16,4,13
Shakespeare,26,As You Like It,1523,2,1700,11,6,0,3,33,3,8,5,1,17,1,14,13,2,8,0,1,1,22,4,6,0,12,4,12,15,21,1,22,13,0,6,8,3,18,10,19,9,35,5,4,1,5,5,0,13,0,3,3,29,66,3,3,7,0,12,31,1,1,9,6,8,5,5,3,12,15,5,18
Shakespeare,26,As You Like It,1523,3,1700,23,5,0,1,36,1,7,7,5,14,1,16,6,3,10,2,0,0,12,7,3,0,20,19,16,12,16,2,21,10,0,1,12,1,27,10,26,3,22,3,5,0,5,4,9,9,3,2,6,22,33,1,7,2,0,13,27,2,8,8,4,6,4,4,1,6,20,8,19
Shakespeare,26,As You Like It,1523,4,1700,28,5,1,1,65,1,10,9,5,11,0,14,1,3,16,1,2,0,8,5,2,0,9,5,9,3,28,3,13,16,0,0,7,1,26,10,23,5,38,4,1,0,3,6,2,10,3,1,7,29,63,10,2,5,0,18,36,2,6,2,1,16,5,5,1,10,14,3,13
Shakespeare,26,As You Like It,1523,5,1700,35,6,0,3,54,3,4,15,4,11,3,15,6,5,7,2,2,0,20,3,2,0,8,9,9,20,22,5,18,15,0,2,12,3,23,10,17,9,28,4,1,0,4,1,1,4,1,0,5,20,33,1,3,2,0,12,34,0,4,4,3,7,3,0,5,14,14,1,8
Shakespeare,26,As You Like It,1523,6,1700,26,9,0,5,69,4,4,17,4,15,5,9,5,4,7,3,2,0,9,5,2,0,14,2,15,10,27,3,19,9,0,1,6,4,26,2,18,0,31,10,5,2,4,4,3,12,2,3,2,31,52,3,13,3,2,11,25,0,2,1,4,11,3,3,4,6,15,2,15
Shakespeare,26,As You Like It,1523,7,1700,45,9,0,4,48,2,8,9,9,15,0,18,3,1,4,0,0,5,11,1,1,0,9,3,7,8,27,0,39,27,0,4,9,6,11,13,11,3,46,6,6,0,5,3,4,6,3,2,3,31,62,1,5,1,0,8,21,1,2,4,2,7,2,2,5,9,15,6,8
Shakespeare,26,As You Like It,1523,8,1700,39,4,0,3,42,3,12,25,3,12,4,15,7,4,6,1,0,6,16,2,3,0,12,3,6,3,27,0,22,18,0,3,2,2,13,13,20,4,40,5,8,0,1,3,2,12,2,3,3,23,49,4,6,11,0,6,27,1,5,7,3,5,4,10,9,11,17,10,16
Shakespeare,26,As You Like It,1523,9,1700,49,4,0,2,44,1,9,23,3,19,1,20,5,3,13,1,3,0,12,0,3,1,12,3,15,7,24,1,30,9,0,6,6,4,5,15,34,7,41,6,3,1,5,0,1,8,4,1,11,21,57,2,3,6,1,7,26,0,3,6,3,10,4,1,5,13,10,8,8
Shakespeare,26,As You Like It,1523,10,1700,37,8,0,6,48,2,9,7,5,20,1,16,4,3,8,1,0,1,19,1,6,0,16,10,17,5,33,1,24,13,0,1,6,1,26,7,22,6,34,4,2,0,2,1,2,12,2,4,15,25,35,0,6,4,0,4,35,1,2,5,7,8,4,10,2,9,14,7,20
Shakespeare,26,As You Like It,1523,11,1700,40,7,0,4,51,0,12,11,5,11,1,15,8,4,12,0,0,0,18,1,3,2,14,19,6,4,16,1,12,23,0,2,5,4,15,13,16,4,27,2,4,0,4,1,0,9,0,8,6,32,50,2,6,2,0,17,30,1,3,6,2,9,7,2,1,22,7,6,18
Shakespeare,26,As You Like It,1523,12,1700,37,6,0,3,49,0,7,3,3,8,2,15,10,0,10,1,0,0,14,3,6,0,9,12,18,6,23,6,21,18,0,2,2,3,12,3,8,4,23,6,1,0,5,2,6,14,3,2,4,25,51,0,3,7,0,17,36,1,3,12,3,5,7,8,5,14,17,3,9
Shakespeare,26,As You Like It,1523,13,1700,41,19,0,0,65,2,10,6,1,18,3,10,8,4,16,0,2,0,20,2,2,0,16,9,4,21,19,3,17,12,0,1,3,0,15,14,11,1,29,2,3,5,4,2,2,14,3,1,1,21,50,0,4,3,1,16,55,1,2,8,2,4,6,4,0,15,11,4,14
Shakespeare,27,Merchant of Venice,1515,1,1700,47,7,0,3,50,1,11,8,5,9,0,13,8,0,13,0,1,2,9,5,5,0,10,8,6,5,30,1,15,15,0,1,5,4,31,2,19,8,39,7,5,2,4,1,8,2,1,5,6,15,48,4,4,2,0,9,42,0,3,0,1,6,8,4,1,5,14,9,9
Shakespeare,27,Merchant of Venice,1515,2,1700,50,2,0,1,39,4,7,14,5,22,1,15,7,5,5,0,1,2,20,3,4,0,10,6,19,14,24,2,34,9,0,9,1,0,13,9,9,1,36,5,6,0,1,0,9,7,1,2,8,20,65,4,3,7,0,4,43,0,3,5,4,8,6,4,8,21,21,6,10
Shakespeare,27,Merchant of Venice,1515,3,1700,36,5,0,3,48,1,2,12,5,9,0,8,12,4,6,1,2,0,19,6,2,0,7,0,12,12,24,0,15,11,0,3,1,1,28,4,22,1,42,8,1,0,11,5,5,7,0,6,0,14,62,1,8,4,0,22,37,2,4,8,4,8,5,5,3,10,12,6,16
Shakespeare,27,Merchant of Venice,1515,4,1700,42,2,0,5,34,3,6,10,5,19,0,16,5,1,7,1,0,1,9,1,3,2,14,1,11,8,16,0,23,9,0,3,8,3,40,6,17,4,31,10,6,0,7,0,3,4,2,3,4,14,54,0,4,1,1,5,38,4,2,2,1,5,1,3,4,10,16,6,22
Shakespeare,27,Merchant of Venice,1515,5,1700,28,6,0,2,52,0,11,5,8,15,0,17,8,1,12,1,1,0,23,4,0,0,12,8,10,8,19,1,20,14,0,1,5,4,30,4,19,4,20,7,1,0,1,3,2,7,5,0,5,19,47,1,3,6,1,13,31,3,1,5,1,11,2,1,8,16,18,3,8
Shakespeare,27,Merchant of Venice,1515,6,1700,30,10,0,4,52,0,4,23,0,15,2,13,7,0,10,0,3,0,14,5,2,0,7,7,18,9,30,0,10,7,0,4,7,5,25,4,17,2,36,1,2,1,4,2,1,13,4,2,4,25,63,1,7,12,1,12,34,0,3,4,8,16,1,5,15,7,15,2,5
Shakespeare,27,Merchant of Venice,1515,7,1700,41,3,0,4,42,2,1,11,12,7,3,20,6,1,7,1,0,0,16,5,6,0,9,8,15,15,20,0,20,24,0,3,3,0,34,10,16,5,30,3,5,0,5,3,2,14,3,2,2,20,58,3,5,13,0,1,30,1,8,6,4,16,3,1,1,9,9,9,7
Shakespeare,27,Merchant of Venice,1515,8,1700,22,10,0,2,48,0,9,15,3,18,0,16,10,4,5,2,4,1,13,7,1,0,10,11,8,5,33,1,20,15,0,5,7,0,30,6,7,6,31,6,5,2,5,4,2,16,5,5,7,18,64,1,6,6,0,15,34,0,3,3,0,10,5,6,2,5,19,3,15
Shakespeare,27,Merchant of Venice,1515,9,1700,33,14,0,3,63,3,5,3,7,10,0,10,2,2,7,0,0,1,12,6,3,0,26,1,8,9,21,3,12,15,0,0,5,3,42,7,18,3,43,4,4,1,0,1,3,6,1,1,4,27,55,0,6,4,1,10,33,0,2,5,0,6,6,7,0,11,16,3,15
Shakespeare,27,Merchant of Venice,1515,10,1700,35,6,0,6,46,3,15,13,2,17,0,11,5,5,9,1,1,4,22,3,0,0,16,2,14,10,20,4,23,17,0,6,6,3,15,12,16,4,44,6,4,3,1,2,4,8,3,4,8,20,64,4,5,6,2,5,33,1,7,1,3,11,3,4,0,9,13,3,14
Shakespeare,27,Merchant of Venice,1515,11,1700,28,7,0,7,29,1,8,4,2,14,2,10,8,3,12,1,1,0,19,12,2,0,9,6,14,5,20,2,28,27,0,1,2,6,22,8,16,0,36,6,1,0,2,1,1,12,3,2,5,20,82,0,3,6,0,14,44,1,5,1,2,4,3,7,2,6,13,5,20
Shakespeare,27,Merchant of Venice,1515,12,1700,32,6,0,3,54,1,6,5,3,12,2,9,7,2,12,1,0,0,17,5,2,0,18,2,12,7,24,0,10,25,0,1,9,4,17,6,14,3,26,5,4,3,5,2,2,6,1,6,3,21,79,1,3,2,2,22,33,0,3,2,0,2,5,4,0,12,5,2,11
Shakespeare,27,Merchant of Venice,1515,13,1700,46,4,0,3,40,2,8,13,6,15,2,17,12,0,3,0,1,1,21,3,6,0,6,8,11,10,23,2,26,32,0,0,1,2,20,12,16,2,34,3,1,0,6,5,7,11,3,5,5,18,73,7,3,5,1,7,25,0,4,2,3,7,7,5,3,6,18,13,18
